ticker,trading_date,open,high,low,close,volume
VHM,2018-05-17T00:00,64363.4,64363.4,64363.4,64363.4,18000.0
VHM,2018-05-18T00:00,64363.4,64363.4,64363.4,64363.4,0.0
VHM,2018-05-21T00:00,64363.4,64363.4,64363.4,64363.4,0.0
VHM,2018-05-22T00:00,68848.45,68848.45,68848.45,68848.45,20.0
VHM,2018-05-23T00:00,66693.3,66693.3,64072.17,64246.91,4839580.0
VHM,2018-05-24T00:00,64538.14,66868.04,64130.41,66693.3,1937240.0
VHM,2018-05-25T00:00,66868.04,69838.66,66693.3,68440.72,1749720.0
VHM,2018-05-28T00:00,64654.64,68731.96,64654.64,68149.49,2944740.0
VHM,2018-05-29T00:00,68149.49,68265.98,65877.84,67567.01,884320.0
VHM,2018-05-30T00:00,67567.01,68149.49,65819.59,68149.49,2448260.0
VHM,2018-05-31T00:00,68149.49,68440.72,67042.78,67042.78,1178690.0
VHM,2018-06-01T00:00,67042.78,68440.72,66693.3,67858.25,814870.0
VHM,2018-06-04T00:00,67567.01,68673.71,67275.77,68673.71,1762630.0
VHM,2018-06-05T00:00,68673.71,69314.43,68149.49,68731.96,1229890.0
VHM,2018-06-06T00:00,68440.72,70421.13,68149.49,69896.91,712230.0
VHM,2018-06-07T00:00,71061.86,71061.86,65004.12,69896.91,1167210.0
VHM,2018-06-08T00:00,69896.91,70421.13,68440.72,69896.91,462940.0
VHM,2018-06-11T00:00,70362.89,70362.89,69314.43,69896.91,425790.0
VHM,2018-06-12T00:00,69896.91,69896.91,68149.49,68731.96,816310.0
VHM,2018-06-13T00:00,68731.96,68964.95,68498.97,68731.96,289590.0
VHM,2018-06-14T00:00,68731.96,69023.2,67741.75,68149.49,624230.0
VHM,2018-06-15T00:00,68557.22,68557.22,67858.25,67858.25,213150.0
VHM,2018-06-18T00:00,67858.25,68731.96,67567.01,67858.25,626280.0
VHM,2018-06-19T00:00,67858.25,67858.25,66809.79,66984.54,770730.0
VHM,2018-06-20T00:00,62382.99,67567.01,62382.99,66984.54,613980.0
VHM,2018-06-21T00:00,66984.54,67042.78,66402.06,66984.54,117280.0
VHM,2018-06-22T00:00,66984.54,66984.54,66402.06,66518.56,83230.0
VHM,2018-06-25T00:00,66518.56,67508.76,66518.56,67275.77,214260.0
VHM,2018-06-26T00:00,67275.77,67275.77,66460.31,66984.54,112440.0
VHM,2018-06-27T00:00,65528.35,66460.31,64072.17,64072.17,305740.0
VHM,2018-06-28T00:00,64072.17,65819.59,62907.22,64072.17,185920.0
VHM,2018-06-29T00:00,65819.59,65819.59,63198.45,65470.1,321730.0
VHM,2018-07-02T00:00,65528.35,65528.35,64072.17,64829.38,456190.0
VHM,2018-07-03T00:00,64829.38,64829.38,60344.33,60344.33,165430.0
VHM,2018-07-04T00:00,59470.62,64538.14,59470.62,64538.14,1358170.0
VHM,2018-07-05T00:00,64538.14,66984.54,64538.14,66402.06,1208630.0
VHM,2018-07-06T00:00,64945.88,66343.81,64945.88,65528.35,497040.0
VHM,2018-07-09T00:00,65528.35,66052.58,65528.35,65703.09,134390.0
VHM,2018-07-10T00:00,65644.85,65703.09,63198.45,64654.64,298180.0
VHM,2018-07-11T00:00,64072.17,64654.64,62907.22,63897.42,86370.0
VHM,2018-07-12T00:00,63897.42,64538.14,62907.22,64072.17,113470.0
VHM,2018-07-13T00:00,62499.48,64654.64,62499.48,63664.43,57420.0
VHM,2018-07-16T00:00,64363.4,64363.4,61742.27,61742.27,93750.0
VHM,2018-07-17T00:00,63489.69,64654.64,61742.27,61742.27,410540.0
VHM,2018-07-18T00:00,64072.17,64072.17,62324.74,62557.73,115930.0
VHM,2018-07-19T00:00,62907.22,62907.22,62033.51,62033.51,359780.0
VHM,2018-07-20T00:00,62324.74,62907.22,61800.52,62266.5,361710.0
VHM,2018-07-23T00:00,59994.85,63780.93,59994.85,62790.72,140470.0
VHM,2018-07-24T00:00,59994.85,62732.47,59994.85,62033.51,52950.0
VHM,2018-07-25T00:00,62324.74,62324.74,61392.78,62033.51,123900.0
VHM,2018-07-26T00:00,62033.51,62790.72,61742.27,61742.27,205970.0
VHM,2018-07-27T00:00,61742.27,62033.51,61159.79,61684.02,67370.0
VHM,2018-07-30T00:00,61742.27,64363.4,61159.79,64363.4,324540.0
VHM,2018-07-31T00:00,65237.11,65237.11,63373.2,64246.91,170450.0
VHM,2018-08-01T00:00,64246.91,64305.16,63198.45,63256.7,320670.0
VHM,2018-08-02T00:00,64013.92,64013.92,63256.7,63373.2,265210.0
VHM,2018-08-03T00:00,63606.19,63897.42,63198.45,63489.69,398200.0
VHM,2018-08-06T00:00,63489.69,63547.94,63373.2,63489.69,182880.0
VHM,2018-08-07T00:00,63489.69,63489.69,62324.74,62615.98,160500.0
VHM,2018-08-08T00:00,62615.98,63373.2,62615.98,62907.22,134310.0
VHM,2018-08-09T00:00,62907.22,63489.69,62907.22,63314.95,285670.0
VHM,2018-08-10T00:00,63489.69,63489.69,61742.27,62266.5,120470.0
VHM,2018-08-13T00:00,63140.21,63140.21,62266.5,62615.98,1088420.0
VHM,2018-08-14T00:00,62324.74,62907.22,62324.74,62790.72,406610.0
VHM,2018-08-15T00:00,62790.72,62848.97,62382.99,62790.72,436300.0
VHM,2018-08-16T00:00,62790.72,62848.97,62382.99,62790.72,726220.0
VHM,2018-08-17T00:00,66402.06,66402.06,63373.2,63373.2,1125570.0
VHM,2018-08-20T00:00,64887.63,64887.63,63373.2,63373.2,575880.0
VHM,2018-08-21T00:00,63373.2,64363.4,63373.2,64013.92,741280.0
VHM,2018-08-22T00:00,64013.92,64538.14,63839.18,64013.92,415780.0
VHM,2018-08-23T00:00,64072.17,65295.36,64072.17,65178.87,1371780.0
VHM,2018-08-24T00:00,65353.61,65761.34,64712.89,64945.88,1340480.0
VHM,2018-08-27T00:00,65178.87,65178.87,64829.38,64945.88,913670.0
VHM,2018-08-28T00:00,64945.88,64945.88,64363.4,64654.64,817180.0
VHM,2018-08-29T00:00,64654.64,64654.64,63081.96,63081.96,303590.0
VHM,2018-08-30T00:00,62907.22,62907.22,62033.51,62557.73,409540.0
VHM,2018-08-31T00:00,62557.73,64771.13,60577.32,60577.32,3027640.0
VHM,2018-09-04T00:00,62266.5,62732.47,60693.81,61101.55,225530.0
VHM,2018-09-05T00:00,61625.77,61742.27,61218.04,61742.27,318560.0
VHM,2018-09-06T00:00,61742.27,61742.27,60926.8,61159.79,287240.0
VHM,2018-09-07T00:00,60577.32,61159.79,60577.32,61043.3,459090.0
VHM,2018-09-10T00:00,61451.03,61451.03,60926.8,60926.8,532950.0
VHM,2018-09-11T00:00,60577.32,61159.79,60402.58,60402.58,483770.0
VHM,2018-09-12T00:00,61043.3,61043.3,60460.83,60577.32,605640.0
VHM,2018-09-13T00:00,60577.32,61509.28,60577.32,61218.04,836910.0
VHM,2018-09-14T00:00,61625.77,61742.27,61334.54,61451.03,591790.0
VHM,2018-09-17T00:00,61451.03,62150.0,61392.78,61451.03,1287240.0
VHM,2018-09-18T00:00,61451.03,61451.03,60577.32,60926.8,207550.0
VHM,2018-09-19T00:00,61392.78,61392.78,59994.85,60926.8,258160.0
VHM,2018-09-20T00:00,61159.79,61159.79,60519.07,61159.79,336900.0
VHM,2018-09-21T00:00,60926.8,61218.04,59121.13,59121.13,8102520.0
VHM,2018-09-24T00:00,59121.13,59994.85,59121.13,59936.6,634680.0
VHM,2018-09-25T00:00,59994.85,60227.84,59179.38,59645.36,472130.0
VHM,2018-09-26T00:00,59412.37,59703.61,59354.12,59354.12,473580.0
VHM,2018-09-27T00:00,59994.85,60868.56,59994.85,60577.32,525990.0
VHM,2018-09-28T00:00,61451.03,61742.27,60926.8,61742.27,846730.0
VHM,2018-10-01T00:00,62033.51,62382.99,60053.09,60053.09,523580.0
VHM,2018-10-02T00:00,60752.06,61159.79,60460.83,60577.32,534540.0
VHM,2018-10-03T00:00,61101.55,61101.55,59354.12,59412.37,467970.0
VHM,2018-10-04T00:00,60577.32,60577.32,59761.86,59761.86,331810.0
VHM,2018-10-05T00:00,60577.32,60577.32,59470.62,59470.62,304710.0
VHM,2018-10-08T00:00,60067.66,60431.7,58247.42,58247.42,265800.0
VHM,2018-10-09T00:00,59121.13,59849.23,58247.42,58247.42,267080.0
VHM,2018-10-10T00:00,59339.56,59339.56,58247.42,58320.23,378520.0
VHM,2018-10-11T00:00,56063.14,58393.04,54679.77,55699.1,736740.0
VHM,2018-10-12T00:00,55699.1,57519.33,55335.05,56063.14,666960.0
VHM,2018-10-15T00:00,56063.14,56063.14,53150.77,53223.58,505140.0
VHM,2018-10-16T00:00,53223.58,54679.77,53223.58,54315.72,349810.0
VHM,2018-10-17T00:00,55553.48,56063.14,54606.96,55626.29,300010.0
VHM,2018-10-18T00:00,55626.29,55917.53,54971.01,55043.81,146220.0
VHM,2018-10-19T00:00,54315.72,55407.86,53878.87,54461.34,282610.0
VHM,2018-10-22T00:00,54461.34,54971.01,54388.53,54388.53,252630.0
VHM,2018-10-23T00:00,53733.25,54242.91,53442.01,53951.68,136760.0
VHM,2018-10-24T00:00,53514.82,54024.48,52786.73,52786.73,233830.0
VHM,2018-10-25T00:00,49874.36,51112.11,49510.31,49874.36,479440.0
VHM,2018-10-26T00:00,49874.36,50238.4,46452.32,47326.03,1004220.0
VHM,2018-10-29T00:00,45505.8,46306.7,44413.66,44996.13,338080.0
VHM,2018-10-30T00:00,43758.38,45869.85,43685.57,45214.56,574230.0
VHM,2018-10-31T00:00,45360.18,48345.36,45360.18,48345.36,1099060.0
VHM,2018-11-01T00:00,47398.84,50966.5,47398.84,50238.4,871070.0
VHM,2018-11-02T00:00,50966.5,53733.25,50966.5,52422.68,1170010.0
VHM,2018-11-05T00:00,53150.77,53733.25,51694.59,52422.68,758430.0
VHM,2018-11-06T00:00,53150.77,53150.77,51694.59,52422.68,379000.0
VHM,2018-11-07T00:00,52713.92,52932.35,51548.97,52932.35,298710.0
VHM,2018-11-08T00:00,53442.01,54388.53,53150.77,54388.53,481780.0
VHM,2018-11-09T00:00,54242.91,55771.91,53878.87,55335.05,520370.0
VHM,2018-11-12T00:00,54898.2,55480.67,54679.77,55335.05,274460.0
VHM,2018-11-13T00:00,53223.58,55335.05,53223.58,55189.43,271790.0
VHM,2018-11-14T00:00,55189.43,55335.05,54606.96,55189.43,284050.0
VHM,2018-11-15T00:00,54461.34,55189.43,54242.91,54971.01,301910.0
VHM,2018-11-16T00:00,54242.91,54534.15,51330.54,51840.21,788790.0
VHM,2018-11-19T00:00,52058.63,53077.96,50893.69,53077.96,323690.0
VHM,2018-11-20T00:00,52495.49,54971.01,52495.49,54606.96,500750.0
VHM,2018-11-21T00:00,54606.96,55189.43,53296.39,55189.43,451550.0
VHM,2018-11-22T00:00,54971.01,56791.24,54606.96,56063.14,504210.0
VHM,2018-11-23T00:00,56063.14,56645.62,55407.86,55407.86,89640.0
VHM,2018-11-26T00:00,55335.05,56281.57,54971.01,56063.14,301550.0
VHM,2018-11-27T00:00,56427.19,57228.09,56354.38,57009.67,399420.0
VHM,2018-11-28T00:00,56791.24,57082.47,56427.19,57009.67,170200.0
VHM,2018-11-29T00:00,57155.28,57446.52,57082.47,57300.9,473940.0
VHM,2018-11-30T00:00,57300.9,57446.52,55335.05,56645.62,593960.0
VHM,2018-12-03T00:00,57155.28,57300.9,56572.81,56572.81,194530.0
VHM,2018-12-04T00:00,56791.24,60431.7,56791.24,59703.61,700280.0
VHM,2018-12-05T00:00,58247.42,60067.66,58247.42,58757.09,384670.0
VHM,2018-12-06T00:00,58975.52,59630.8,58611.47,59266.75,256140.0
VHM,2018-12-07T00:00,59266.75,59266.75,58247.42,58247.42,250620.0
VHM,2018-12-10T00:00,58101.8,58247.42,57519.33,58247.42,345240.0
VHM,2018-12-11T00:00,59266.75,59266.75,58174.61,58465.85,141650.0
VHM,2018-12-12T00:00,58465.85,58538.66,58029.0,58465.85,204900.0
VHM,2018-12-13T00:00,58320.23,59193.94,58320.23,58465.85,162470.0
VHM,2018-12-14T00:00,58465.85,58465.85,57883.38,58101.8,97030.0
VHM,2018-12-17T00:00,58101.8,58174.61,55699.1,56427.19,461140.0
VHM,2018-12-18T00:00,55335.05,56791.24,54971.01,56427.19,323660.0
VHM,2018-12-19T00:00,56791.24,56791.24,55844.72,56427.19,217620.0
VHM,2018-12-20T00:00,55917.53,56500.0,55917.53,56354.38,184090.0
VHM,2018-12-21T00:00,55917.53,55917.53,53806.06,53806.06,1469270.0
VHM,2018-12-24T00:00,54606.96,55335.05,54097.29,54170.1,172180.0
VHM,2018-12-25T00:00,53150.77,53878.87,52641.11,53514.82,232270.0
VHM,2018-12-26T00:00,53223.58,53514.82,51985.83,52422.68,547940.0
VHM,2018-12-27T00:00,53806.06,53806.06,53077.96,53369.2,304690.0
VHM,2018-12-28T00:00,53733.25,54242.91,53442.01,53442.01,399190.0
VHM,2019-01-02T00:00,53660.44,53660.44,52932.35,53514.82,334420.0
VHM,2019-01-03T00:00,52495.49,53296.39,52058.63,53296.39,475210.0
VHM,2019-01-04T00:00,52422.68,54242.91,51621.78,53878.87,277640.0
VHM,2019-01-07T00:00,54315.72,54315.72,53369.2,54024.48,186030.0
VHM,2019-01-08T00:00,53878.87,54024.48,53223.58,54024.48,205460.0
VHM,2019-01-09T00:00,54242.91,54242.91,53878.87,54024.48,92720.0
VHM,2019-01-10T00:00,54242.91,54315.72,53514.82,54315.72,108550.0
VHM,2019-01-11T00:00,54534.15,55771.91,54388.53,55771.91,241490.0
VHM,2019-01-14T00:00,56791.24,56791.24,55771.91,56281.57,193920.0
VHM,2019-01-15T00:00,56063.14,58174.61,56063.14,58174.61,297510.0
VHM,2019-01-16T00:00,58174.61,59703.61,57592.14,58465.85,327390.0
VHM,2019-01-17T00:00,58902.71,59121.13,58101.8,58101.8,214330.0
VHM,2019-01-18T00:00,58538.66,59048.33,57519.33,58611.47,289350.0
VHM,2019-01-21T00:00,58975.52,58975.52,58247.42,58611.47,411510.0
VHM,2019-01-22T00:00,58684.28,58975.52,57956.19,57956.19,285720.0
VHM,2019-01-23T00:00,58174.61,58247.42,57519.33,57956.19,214610.0
VHM,2019-01-24T00:00,57956.19,57956.19,56791.24,57373.71,176750.0
VHM,2019-01-25T00:00,57155.28,57300.9,56427.19,56791.24,226260.0
VHM,2019-01-28T00:00,58247.42,58684.28,56645.62,58684.28,284550.0
VHM,2019-01-29T00:00,59339.56,59339.56,58611.47,59339.56,334250.0
VHM,2019-01-30T00:00,58538.66,59703.61,58538.66,59703.61,246940.0
VHM,2019-01-31T00:00,59703.61,59703.61,57956.19,58247.42,773010.0
VHM,2019-02-01T00:00,58247.42,58247.42,57956.19,58247.42,974540.0
VHM,2019-02-11T00:00,58975.52,58975.52,57956.19,58174.61,353110.0
VHM,2019-02-12T00:00,58538.66,58538.66,57883.38,58247.42,531210.0
VHM,2019-02-13T00:00,58320.23,58829.9,57737.76,58247.42,506510.0
VHM,2019-02-14T00:00,58538.66,60140.46,58320.23,59630.8,971710.0
VHM,2019-02-15T00:00,59703.61,59703.61,59048.33,59121.13,422250.0
VHM,2019-02-18T00:00,59339.56,59703.61,58829.9,59703.61,607000.0
VHM,2019-02-19T00:00,60067.66,63853.74,60067.66,63344.07,1244300.0
VHM,2019-02-20T00:00,63344.07,66110.83,63344.07,65819.59,815580.0
VHM,2019-02-21T00:00,65892.4,70406.57,64945.88,70406.57,1209870.0
VHM,2019-02-22T00:00,69168.81,70260.95,67494.2,67785.44,950950.0
VHM,2019-02-25T00:00,68804.77,69241.62,66474.87,66984.54,838040.0
VHM,2019-02-26T00:00,66984.54,67712.63,65528.35,66984.54,1103360.0
VHM,2019-02-27T00:00,67712.63,67931.06,66620.49,67494.2,896260.0
VHM,2019-02-28T00:00,67057.35,67202.96,63708.12,63708.12,1270190.0
VHM,2019-03-01T00:00,64436.21,66547.68,63708.12,66256.44,806340.0
VHM,2019-03-04T00:00,66984.54,68076.68,65237.11,67858.25,910620.0
VHM,2019-03-05T00:00,67130.16,67639.82,65892.4,66256.44,1152650.0
VHM,2019-03-06T00:00,66256.44,66911.73,66110.83,66838.92,592410.0
VHM,2019-03-07T00:00,66984.54,69387.24,66911.73,66984.54,1306970.0
VHM,2019-03-08T00:00,66984.54,67639.82,66547.68,66620.49,699850.0
VHM,2019-03-11T00:00,66256.44,67202.96,65528.35,65528.35,533740.0
VHM,2019-03-12T00:00,66402.06,67421.39,66183.63,67202.96,864570.0
VHM,2019-03-13T00:00,67421.39,69896.91,67348.58,68440.72,1654850.0
VHM,2019-03-14T00:00,68659.15,68877.58,67567.01,68804.77,682890.0
VHM,2019-03-15T00:00,68440.72,68440.72,67348.58,67931.06,2496760.0
VHM,2019-03-18T00:00,68440.72,69096.01,68440.72,68659.15,1056390.0
VHM,2019-03-19T00:00,69168.81,69314.43,68076.68,68440.72,1100900.0
VHM,2019-03-20T00:00,67785.44,68003.87,66256.44,67130.16,1061950.0
VHM,2019-03-21T00:00,67712.63,67712.63,64217.78,64217.78,1009930.0
VHM,2019-03-22T00:00,64800.26,66402.06,64072.17,66329.25,957080.0
VHM,2019-03-25T00:00,65164.3,65164.3,63708.12,64800.26,793070.0
VHM,2019-03-26T00:00,65528.35,66038.02,65164.3,65455.54,617980.0
VHM,2019-03-27T00:00,66256.44,66256.44,65455.54,65601.16,389620.0
VHM,2019-03-28T00:00,65746.78,67931.06,65528.35,67785.44,894540.0
VHM,2019-03-29T00:00,68440.72,68659.15,66620.49,66620.49,1054060.0
VHM,2019-04-01T00:00,67275.77,68295.1,66838.92,67275.77,334480.0
VHM,2019-04-02T00:00,68003.87,68222.29,66984.54,67130.16,359690.0
VHM,2019-04-03T00:00,67130.16,67130.16,66329.25,66984.54,281350.0
VHM,2019-04-04T00:00,67494.2,67567.01,66474.87,66984.54,489550.0
VHM,2019-04-05T00:00,67348.58,67858.25,67057.35,67421.39,454260.0
VHM,2019-04-08T00:00,67712.63,68877.58,67494.2,68877.58,657320.0
VHM,2019-04-09T00:00,69168.81,69896.91,67712.63,68295.1,973210.0
VHM,2019-04-10T00:00,68295.1,68295.1,67202.96,67348.58,328400.0
VHM,2019-04-11T00:00,67567.01,68295.1,67130.16,68076.68,233360.0
VHM,2019-04-12T00:00,68003.87,68149.49,66984.54,67931.06,299590.0
VHM,2019-04-16T00:00,65528.35,66911.73,63926.55,66256.44,913790.0
VHM,2019-04-17T00:00,66256.44,66911.73,65309.92,65382.73,761350.0
VHM,2019-04-18T00:00,65455.54,65892.4,64144.97,64800.26,609680.0
VHM,2019-04-19T00:00,64800.26,65819.59,64800.26,64800.26,258960.0
VHM,2019-04-22T00:00,65309.92,65528.35,64509.02,65528.35,211620.0
VHM,2019-04-23T00:00,65309.92,65528.35,64727.45,64800.26,494910.0
VHM,2019-04-24T00:00,65309.92,65673.97,65309.92,65309.92,629420.0
VHM,2019-04-25T00:00,65164.3,65673.97,65091.5,65673.97,680080.0
VHM,2019-04-26T00:00,65673.97,66984.54,65455.54,66984.54,1070350.0
VHM,2019-05-02T00:00,66984.54,67202.96,66183.63,66547.68,452510.0
VHM,2019-05-03T00:00,66838.92,66838.92,65819.59,65819.59,621150.0
VHM,2019-05-06T00:00,65528.35,65528.35,64509.02,64800.26,522550.0
VHM,2019-05-07T00:00,65382.73,65382.73,63853.74,63999.36,576290.0
VHM,2019-05-08T00:00,63344.07,63562.5,62179.12,62324.74,894240.0
VHM,2019-05-09T00:00,61887.89,62324.74,60868.56,61523.84,983320.0
VHM,2019-05-10T00:00,62324.74,62615.98,61014.18,61159.79,980260.0
VHM,2019-05-13T00:00,61014.18,62033.51,61014.18,61887.89,691670.0
VHM,2019-05-14T00:00,61159.79,62615.98,61159.79,61887.89,1322520.0
VHM,2019-05-15T00:00,62033.51,62980.03,62033.51,62615.98,1134300.0
VHM,2019-05-16T00:00,62615.98,63416.88,62397.55,63344.07,953330.0
VHM,2019-05-17T00:00,63344.07,63344.07,62834.41,63125.64,791790.0
VHM,2019-05-20T00:00,62980.03,63198.45,62470.36,63198.45,638340.0
VHM,2019-05-21T00:00,63999.36,64144.97,63125.64,63125.64,1056700.0
VHM,2019-05-22T00:00,62761.6,63999.36,62761.6,62980.03,702510.0
VHM,2019-05-23T00:00,63052.84,63052.84,62688.79,62980.03,377180.0
VHM,2019-05-24T00:00,63125.64,63125.64,61523.84,61523.84,854870.0
VHM,2019-05-27T00:00,61523.84,61815.08,61451.03,61451.03,487560.0
VHM,2019-05-28T00:00,61451.03,61596.65,60795.75,60795.75,1436600.0
VHM,2019-05-29T00:00,61159.79,61305.41,60722.94,60868.56,921510.0
VHM,2019-05-30T00:00,60868.56,61014.18,60067.66,60140.46,930290.0
VHM,2019-05-31T00:00,60577.32,60577.32,58975.52,59703.61,720930.0
VHM,2019-06-03T00:00,59703.61,59703.61,57956.19,58684.28,527220.0
VHM,2019-06-04T00:00,58611.47,58975.52,57446.52,58684.28,557890.0
VHM,2019-06-05T00:00,59121.13,59339.56,58465.85,58684.28,452630.0
VHM,2019-06-06T00:00,58611.47,58829.9,57446.52,58465.85,582690.0
VHM,2019-06-07T00:00,58611.47,60431.7,58174.61,59849.23,572380.0
VHM,2019-06-10T00:00,60431.7,60431.7,59266.75,59703.61,596360.0
VHM,2019-06-11T00:00,59703.61,59703.61,59193.94,59630.8,375370.0
VHM,2019-06-12T00:00,59339.56,59339.56,57883.38,58247.42,893930.0
VHM,2019-06-13T00:00,57883.38,58247.42,55771.91,58247.42,2022580.0
VHM,2019-06-14T00:00,57373.71,58174.61,57228.09,58174.61,482820.0
VHM,2019-06-17T00:00,58174.61,58174.61,56500.0,56791.24,458320.0
VHM,2019-06-18T00:00,56645.62,56791.24,55553.48,56791.24,1640620.0
VHM,2019-06-19T00:00,56791.24,57009.67,56645.62,56864.05,729570.0
VHM,2019-06-20T00:00,57082.47,57446.52,56791.24,57082.47,1561250.0
VHM,2019-06-21T00:00,57155.28,57737.76,57155.28,57155.28,3742200.0
VHM,2019-06-24T00:00,57228.09,58538.66,57228.09,57883.38,1452270.0
VHM,2019-06-25T00:00,58101.8,58320.23,57883.38,57883.38,866490.0
VHM,2019-06-26T00:00,57737.76,57956.19,57300.9,57519.33,1174210.0
VHM,2019-06-27T00:00,57519.33,57519.33,56427.19,56427.19,815110.0
VHM,2019-06-28T00:00,55771.91,57883.38,55699.1,57737.76,928700.0
VHM,2019-07-01T00:00,57883.38,58975.52,57737.76,58975.52,1090570.0
VHM,2019-07-02T00:00,58975.52,59121.13,58247.42,59048.33,1087630.0
VHM,2019-07-03T00:00,58684.28,59703.61,58320.23,59703.61,1517660.0
VHM,2019-07-04T00:00,59703.61,61887.89,59630.8,61887.89,2075630.0
VHM,2019-07-05T00:00,61305.41,62615.98,60795.75,62615.98,1234430.0
VHM,2019-07-08T00:00,61887.89,62033.51,60431.7,60431.7,666020.0
VHM,2019-07-09T00:00,60431.7,61014.18,60067.66,60504.51,579540.0
VHM,2019-07-10T00:00,60504.51,61014.18,60504.51,60722.94,321230.0
VHM,2019-07-11T00:00,60941.37,61086.98,60504.51,60504.51,392510.0
VHM,2019-07-12T00:00,60504.51,60941.37,59994.85,60504.51,626820.0
VHM,2019-07-15T00:00,60431.7,60431.7,59193.94,59703.61,713050.0
VHM,2019-07-16T00:00,59703.61,61159.79,59703.61,61086.98,833350.0
VHM,2019-07-17T00:00,61086.98,62251.93,61086.98,61159.79,816530.0
VHM,2019-07-18T00:00,60431.7,61159.79,60431.7,61159.79,513470.0
VHM,2019-07-19T00:00,61159.79,62106.31,60722.94,61523.84,1028110.0
VHM,2019-07-22T00:00,61523.84,61596.65,61014.18,61596.65,471720.0
VHM,2019-07-23T00:00,61596.65,62615.98,61378.22,62470.36,826210.0
VHM,2019-07-24T00:00,62615.98,63125.64,62033.51,62470.36,542990.0
VHM,2019-07-25T00:00,62470.36,64727.45,62251.93,63708.12,1379690.0
VHM,2019-07-26T00:00,63708.12,63999.36,63052.84,63708.12,473900.0
VHM,2019-07-29T00:00,63708.12,64072.17,63198.45,63926.55,423030.0
VHM,2019-07-30T00:00,65091.5,65091.5,61159.79,61159.79,987720.0
VHM,2019-07-31T00:00,61887.89,64945.88,61887.89,64217.78,991720.0
VHM,2019-08-01T00:00,64800.26,66110.83,64072.17,65892.4,913610.0
VHM,2019-08-02T00:00,64509.02,65673.97,64144.97,65673.97,627380.0
VHM,2019-08-05T00:00,64800.26,65528.35,62033.51,62033.51,902620.0
VHM,2019-08-06T00:00,61523.84,61669.46,60358.89,60795.75,960830.0
VHM,2019-08-07T00:00,61887.89,62106.31,60650.13,61159.79,724520.0
VHM,2019-08-08T00:00,61896.36,63001.65,60938.44,62264.79,556040.0
VHM,2019-08-09T00:00,62633.22,62633.22,61601.62,61896.36,352540.0
VHM,2019-08-12T00:00,61454.24,62117.42,61380.56,62043.73,229140.0
VHM,2019-08-13T00:00,61896.36,61896.36,60496.32,61085.81,723240.0
VHM,2019-08-14T00:00,61527.93,62191.11,61159.5,61159.5,487320.0
VHM,2019-08-15T00:00,60422.64,61896.36,59685.78,61896.36,368870.0
VHM,2019-08-16T00:00,61601.62,62780.59,61527.93,61527.93,589570.0
VHM,2019-08-19T00:00,61896.36,62117.42,61527.93,62043.73,341980.0
VHM,2019-08-20T00:00,62043.73,63959.57,62043.73,63885.89,642320.0
VHM,2019-08-21T00:00,63812.2,64843.81,63664.83,64328.0,548090.0
VHM,2019-08-22T00:00,64475.38,64770.12,63959.57,64770.12,380330.0
VHM,2019-08-23T00:00,64843.81,64843.81,64106.95,64106.95,582580.0
VHM,2019-08-26T00:00,62633.22,63517.46,62633.22,63296.4,375290.0
VHM,2019-08-27T00:00,63296.4,64770.12,63296.4,63812.2,871250.0
VHM,2019-08-28T00:00,63370.08,64475.38,63370.08,63959.57,297410.0
VHM,2019-08-29T00:00,63959.57,64106.95,62854.28,63959.57,344570.0
VHM,2019-08-30T00:00,63959.57,64843.81,63959.57,64696.43,436220.0
VHM,2019-09-03T00:00,64696.43,64770.12,64254.32,64549.06,243420.0
VHM,2019-09-04T00:00,64622.75,65728.04,64254.32,65580.67,862730.0
VHM,2019-09-05T00:00,65580.67,66022.79,65285.92,65580.67,429760.0
VHM,2019-09-06T00:00,65580.67,65580.67,64843.81,65433.3,243750.0
VHM,2019-09-09T00:00,65433.3,65433.3,64770.12,65138.55,336920.0
VHM,2019-09-10T00:00,65138.55,65212.24,64328.0,64843.81,317650.0
VHM,2019-09-11T00:00,64475.38,64696.43,63222.71,63591.14,549770.0
VHM,2019-09-12T00:00,64401.69,64401.69,63591.14,64033.26,289830.0
VHM,2019-09-13T00:00,64401.69,64843.81,63443.77,64843.81,361780.0
VHM,2019-09-16T00:00,64180.63,65506.98,64180.63,65212.24,563460.0
VHM,2019-09-17T00:00,65212.24,66685.96,65138.55,66538.59,921810.0
VHM,2019-09-18T00:00,66538.59,66685.96,66243.84,66612.27,437190.0
VHM,2019-09-19T00:00,66612.27,66612.27,65064.87,66538.59,506070.0
VHM,2019-09-20T00:00,66612.27,66612.27,65949.1,66022.79,1032290.0
VHM,2019-09-23T00:00,66022.79,66243.84,65433.3,65949.1,267270.0
VHM,2019-09-24T00:00,65949.1,66170.16,65506.98,65949.1,286560.0
VHM,2019-09-25T00:00,65654.35,66243.84,65359.61,65949.1,227170.0
VHM,2019-09-26T00:00,65949.1,66243.84,64475.38,65359.61,533860.0
VHM,2019-09-27T00:00,65359.61,66170.16,65064.87,65801.73,384950.0
VHM,2019-09-30T00:00,66317.53,66317.53,65506.98,65801.73,491120.0
VHM,2019-10-01T00:00,65949.1,65949.1,65359.61,65728.04,231930.0
VHM,2019-10-02T00:00,65728.04,65801.73,65212.24,65580.67,462090.0
VHM,2019-10-03T00:00,65212.24,65801.73,64843.81,65801.73,327140.0
VHM,2019-10-04T00:00,65949.1,65949.1,65138.55,65728.04,428530.0
VHM,2019-10-07T00:00,65580.67,65580.67,64991.18,65580.67,481420.0
VHM,2019-10-08T00:00,65580.67,65580.67,64917.49,65285.92,315010.0
VHM,2019-10-09T00:00,65285.92,65433.3,64917.49,65212.24,293220.0
VHM,2019-10-10T00:00,65285.92,65285.92,64549.06,65212.24,359140.0
VHM,2019-10-11T00:00,65285.92,65285.92,64843.81,65138.55,450000.0
VHM,2019-10-14T00:00,65138.55,65138.55,64475.38,64770.12,285650.0
VHM,2019-10-15T00:00,64475.38,64696.43,63222.71,63664.83,643130.0
VHM,2019-10-16T00:00,63664.83,63664.83,62854.28,63664.83,630230.0
VHM,2019-10-17T00:00,63591.14,64843.81,62854.28,63738.51,688380.0
VHM,2019-10-18T00:00,63738.51,64328.0,63517.46,64106.95,327740.0
VHM,2019-10-21T00:00,64106.95,64106.95,63075.34,63738.51,484630.0
VHM,2019-10-22T00:00,63738.51,63959.57,63296.4,63370.08,350630.0
VHM,2019-10-23T00:00,63370.08,63370.08,62633.22,63296.4,535550.0
VHM,2019-10-24T00:00,63149.03,63443.77,62780.59,63443.77,543560.0
VHM,2019-10-25T00:00,63370.08,63517.46,62927.97,63370.08,681140.0
VHM,2019-10-28T00:00,63370.08,63885.89,63001.65,63370.08,728480.0
VHM,2019-10-29T00:00,64106.95,64843.81,64033.26,64549.06,1014970.0
VHM,2019-10-30T00:00,64843.81,65654.35,64622.75,65433.3,737640.0
VHM,2019-10-31T00:00,65433.3,66170.16,65359.61,65580.67,1008560.0
VHM,2019-11-01T00:00,65875.41,70149.21,65728.04,70149.21,2594030.0
VHM,2019-11-04T00:00,70517.64,71843.99,69780.78,70738.7,1124510.0
VHM,2019-11-05T00:00,70738.7,72580.85,70591.33,72138.73,1836960.0
VHM,2019-11-06T00:00,71770.3,74423.01,71770.3,73244.03,1675310.0
VHM,2019-11-07T00:00,73022.97,75380.93,73022.97,73317.71,2081650.0
VHM,2019-11-08T00:00,73317.71,73612.46,72212.42,72580.85,1233370.0
VHM,2019-11-11T00:00,72507.17,73465.09,72138.73,72728.22,765160.0
VHM,2019-11-12T00:00,72949.28,73244.03,71843.99,72065.05,1380830.0
VHM,2019-11-13T00:00,72065.05,72359.79,71180.82,71549.25,1305680.0
VHM,2019-11-14T00:00,72433.48,73170.34,70886.07,71033.44,1480640.0
VHM,2019-11-15T00:00,71622.93,71770.3,70886.07,70959.76,1018490.0
VHM,2019-11-18T00:00,71107.13,71328.19,70517.64,70959.76,1168830.0
VHM,2019-11-19T00:00,71107.13,72507.17,70665.01,71107.13,2305620.0
VHM,2019-11-20T00:00,71622.93,71622.93,70149.21,70886.07,2010940.0
VHM,2019-11-21T00:00,70886.07,71033.44,70075.52,70222.9,3202820.0
VHM,2019-11-22T00:00,70665.01,70665.01,66538.59,68896.54,3791930.0
VHM,2019-11-25T00:00,68159.68,69191.29,67570.19,68675.49,2300820.0
VHM,2019-11-26T00:00,69264.98,69338.66,68749.17,68749.17,3284780.0
VHM,2019-11-27T00:00,68896.54,68896.54,68380.74,68528.11,2135110.0
VHM,2019-11-28T00:00,68528.11,68528.11,67422.82,67496.51,2598710.0
VHM,2019-11-29T00:00,67496.51,67791.25,66907.02,67717.57,2839310.0
VHM,2019-12-02T00:00,68159.68,68528.11,67349.14,67717.57,4407620.0
VHM,2019-12-03T00:00,67201.76,68012.31,65949.1,67643.88,3357960.0
VHM,2019-12-04T00:00,67570.19,68012.31,66759.65,67643.88,2450900.0
VHM,2019-12-05T00:00,68380.74,68896.54,67643.88,67791.25,3418400.0
VHM,2019-12-06T00:00,67791.25,67938.62,67496.51,67791.25,2525080.0
VHM,2019-12-09T00:00,67791.25,68528.11,67422.82,67791.25,625460.0
VHM,2019-12-10T00:00,68012.31,68012.31,64843.81,67422.82,1548550.0
VHM,2019-12-11T00:00,67275.45,67422.82,65875.41,67128.08,645660.0
VHM,2019-12-12T00:00,67128.08,67201.76,66317.53,67201.76,884980.0
VHM,2019-12-13T00:00,67201.76,67349.14,65654.35,65654.35,419210.0
VHM,2019-12-16T00:00,64549.06,65212.24,63075.34,63443.77,1437780.0
VHM,2019-12-17T00:00,63443.77,64106.95,62338.48,63001.65,859640.0
VHM,2019-12-18T00:00,62412.16,63001.65,61159.5,61822.67,1339840.0
VHM,2019-12-19T00:00,61748.99,62633.22,60791.07,61822.67,1047500.0
VHM,2019-12-20T00:00,61896.36,63075.34,61896.36,62043.73,1525190.0
VHM,2019-12-23T00:00,62633.22,62633.22,61601.62,61748.99,568720.0
VHM,2019-12-24T00:00,61380.56,61748.99,60275.27,61675.3,838840.0
VHM,2019-12-25T00:00,61675.3,62043.73,61012.13,61675.3,361820.0
VHM,2019-12-26T00:00,61675.3,62559.54,61306.87,62043.73,426570.0
VHM,2019-12-27T00:00,62043.73,62559.54,61454.24,62264.79,519680.0
VHM,2019-12-30T00:00,62191.11,63812.2,62191.11,63001.65,896520.0
VHM,2019-12-31T00:00,63001.65,63222.71,62264.79,62485.85,430660.0
VHM,2020-01-02T00:00,62264.79,63001.65,62264.79,62559.54,238600.0
VHM,2020-01-03T00:00,62559.54,62927.97,62338.48,62780.59,394470.0
VHM,2020-01-06T00:00,62338.48,62633.22,61012.13,61454.24,1025270.0
VHM,2020-01-07T00:00,61159.5,62485.85,61159.5,61748.99,590360.0
VHM,2020-01-08T00:00,61159.5,61527.93,59685.78,60791.07,553690.0
VHM,2020-01-09T00:00,61454.24,61675.3,61085.81,61380.56,421250.0
VHM,2020-01-10T00:00,61380.56,62559.54,60938.44,62264.79,699780.0
VHM,2020-01-13T00:00,62485.85,63959.57,62264.79,63591.14,882160.0
VHM,2020-01-14T00:00,63517.46,63959.57,63443.77,63591.14,361600.0
VHM,2020-01-15T00:00,63738.51,63738.51,63222.71,63591.14,420650.0
VHM,2020-01-16T00:00,63664.83,63664.83,63296.4,63443.77,441860.0
VHM,2020-01-17T00:00,63517.46,64770.12,63370.08,63370.08,552190.0
VHM,2020-01-20T00:00,63370.08,63664.83,63149.03,63370.08,711830.0
VHM,2020-01-21T00:00,63370.08,64475.38,63370.08,64475.38,653680.0
VHM,2020-01-22T00:00,64401.69,65949.1,64328.0,65875.41,673070.0
VHM,2020-01-30T00:00,64254.32,64696.43,63222.71,64401.69,1414000.0
VHM,2020-01-31T00:00,64475.38,65212.24,64180.63,64475.38,1284370.0
VHM,2020-02-03T00:00,61306.87,63296.4,60422.64,62780.59,755310.0
VHM,2020-02-04T00:00,62780.59,63738.51,62633.22,63149.03,829790.0
VHM,2020-02-05T00:00,63959.57,63959.57,62927.97,63370.08,2410370.0
VHM,2020-02-06T00:00,63591.14,64106.95,63370.08,63959.57,484420.0
VHM,2020-02-07T00:00,64033.26,64696.43,63959.57,64106.95,587610.0
VHM,2020-02-10T00:00,63443.77,63885.89,63222.71,63517.46,373600.0
VHM,2020-02-11T00:00,63370.08,63664.83,63001.65,63517.46,602090.0
VHM,2020-02-12T00:00,63885.89,63885.89,63517.46,63738.51,395320.0
VHM,2020-02-13T00:00,63517.46,63664.83,63001.65,63370.08,421050.0
VHM,2020-02-14T00:00,63001.65,65285.92,63001.65,64549.06,481520.0
VHM,2020-02-17T00:00,64843.81,64843.81,63738.51,63885.89,164600.0
VHM,2020-02-18T00:00,63812.2,64106.95,63075.34,63370.08,323870.0
VHM,2020-02-19T00:00,63075.34,63738.51,62780.59,63370.08,484850.0
VHM,2020-02-20T00:00,63738.51,64328.0,63296.4,64033.26,271380.0
VHM,2020-02-21T00:00,63738.51,64033.26,63370.08,63443.77,184170.0
VHM,2020-02-24T00:00,61380.56,62706.91,61380.56,61896.36,619380.0
VHM,2020-02-25T00:00,60643.7,61748.99,59685.78,61233.19,410300.0
VHM,2020-02-26T00:00,61159.5,61159.5,59169.97,59612.09,651880.0
VHM,2020-02-27T00:00,58875.23,59685.78,58212.05,59538.4,1280250.0
VHM,2020-02-28T00:00,57843.62,59243.66,57843.62,59243.66,860760.0
VHM,2020-03-02T00:00,58285.74,59391.03,58212.05,59317.35,447980.0
VHM,2020-03-03T00:00,59317.35,59759.46,59096.29,59317.35,742520.0
VHM,2020-03-04T00:00,58285.74,59317.35,58138.37,59317.35,901070.0
VHM,2020-03-05T00:00,59022.6,60054.21,59022.6,59685.78,361110.0
VHM,2020-03-06T00:00,58948.92,59612.09,58212.05,59612.09,339740.0
VHM,2020-03-09T00:00,57917.31,57917.31,55485.67,55485.67,973190.0
VHM,2020-03-10T00:00,52317.16,56369.9,52317.16,56369.9,1050110.0
VHM,2020-03-11T00:00,56369.9,56590.96,52464.53,56369.9,932900.0
VHM,2020-03-12T00:00,55633.04,55633.04,52464.53,53054.02,1161120.0
VHM,2020-03-13T00:00,49369.72,53054.02,49369.72,53054.02,1337180.0
VHM,2020-03-16T00:00,52317.16,52906.65,49738.15,52906.65,968810.0
VHM,2020-03-17T00:00,49738.15,52611.91,49738.15,51506.61,1095460.0
VHM,2020-03-18T00:00,51359.24,51801.36,49738.15,51211.87,1707750.0
VHM,2020-03-19T00:00,49590.77,51064.5,47895.99,50475.01,1482170.0
VHM,2020-03-20T00:00,50475.01,50475.01,47011.76,47011.76,1351550.0
VHM,2020-03-23T00:00,44211.69,45685.41,43769.57,43769.57,198200.0
VHM,2020-03-24T00:00,40822.12,43032.71,40748.44,40748.44,2036510.0
VHM,2020-03-25T00:00,42001.1,43548.51,39790.52,43548.51,1832290.0
VHM,2020-03-26T00:00,43548.51,46422.27,42148.47,44948.55,2020820.0
VHM,2020-03-27T00:00,44211.69,45243.29,43106.39,44211.69,710770.0
VHM,2020-03-30T00:00,41116.87,42001.1,41116.87,41116.87,929820.0
VHM,2020-03-31T00:00,41116.87,42664.28,38316.79,40527.38,661010.0
VHM,2020-04-01T00:00,39201.03,42222.16,39201.03,40380.01,553900.0
VHM,2020-04-03T00:00,41411.61,42516.91,40674.75,42516.91,940470.0
VHM,2020-04-06T00:00,44211.69,45464.35,43180.08,45464.35,534020.0
VHM,2020-04-07T00:00,48264.42,48632.86,45759.1,48632.86,902670.0
VHM,2020-04-08T00:00,47527.56,51580.3,47159.13,51580.3,950920.0
VHM,2020-04-09T00:00,51580.3,52243.48,50696.07,50843.44,854470.0
VHM,2020-04-10T00:00,50475.01,50990.81,49369.72,49443.4,513310.0
VHM,2020-04-13T00:00,50106.58,51211.87,49443.4,49590.77,449470.0
VHM,2020-04-14T00:00,50106.58,50769.75,49001.29,50106.58,642490.0
VHM,2020-04-15T00:00,50401.32,50843.44,49738.15,49959.21,533620.0
VHM,2020-04-16T00:00,49811.83,50253.95,49222.34,49738.15,670940.0
VHM,2020-04-17T00:00,49738.15,50990.81,49738.15,50475.01,734070.0
VHM,2020-04-20T00:00,51138.18,51138.18,50106.58,50475.01,512370.0
VHM,2020-04-21T00:00,50106.58,50327.64,48706.54,50106.58,1213590.0
VHM,2020-04-22T00:00,48043.37,50106.58,48043.37,48190.74,1303590.0
VHM,2020-04-23T00:00,49369.72,49664.46,48338.11,49074.97,1093030.0
VHM,2020-04-24T00:00,49074.97,49222.34,47380.19,47895.99,2147870.0
VHM,2020-04-27T00:00,48264.42,49296.03,47159.13,47527.56,1235530.0
VHM,2020-04-28T00:00,49369.72,50475.01,47527.56,47601.25,3631100.0
VHM,2020-04-29T00:00,47601.25,47895.99,46643.33,46864.39,2701200.0
VHM,2020-05-04T00:00,46864.39,47822.31,46864.39,47822.31,1577040.0
VHM,2020-05-05T00:00,47674.94,48264.42,46717.02,46864.39,2397120.0
VHM,2020-05-06T00:00,46864.39,49738.15,46717.02,49369.72,4286630.0
VHM,2020-05-07T00:00,49738.15,50106.58,48780.23,49811.83,1474450.0
VHM,2020-05-08T00:00,50106.58,53275.08,49959.21,52243.48,3635800.0
VHM,2020-05-11T00:00,52317.16,54454.06,52169.79,54159.32,2792640.0
VHM,2020-05-12T00:00,54011.94,54454.06,53054.02,54159.32,1769100.0
VHM,2020-05-13T00:00,53496.14,53790.89,52243.48,52611.91,3373310.0
VHM,2020-05-14T00:00,52243.48,52611.91,51875.05,52022.42,2268270.0
VHM,2020-05-15T00:00,52317.16,53054.02,51948.73,52759.28,1556450.0
VHM,2020-05-18T00:00,52538.22,53496.14,52243.48,52980.34,1656080.0
VHM,2020-05-19T00:00,53790.89,55043.55,53275.08,53938.26,3688710.0
VHM,2020-05-20T00:00,53717.2,56812.02,53643.51,56812.02,4298310.0
VHM,2020-05-21T00:00,57106.76,57843.62,56590.96,57475.19,2266430.0
VHM,2020-05-22T00:00,56738.33,57033.08,55706.72,56369.9,2154460.0
VHM,2020-05-25T00:00,56296.21,57843.62,55117.24,56590.96,4664450.0
VHM,2020-05-26T00:00,57106.76,57401.51,56296.21,56296.21,2996560.0
VHM,2020-05-27T00:00,56369.9,57180.45,54969.86,55043.55,3769070.0
VHM,2020-05-28T00:00,55190.92,56001.47,54822.49,55264.61,4347270.0
VHM,2020-05-29T00:00,55706.72,56812.02,55633.04,56443.59,3942120.0
VHM,2020-06-01T00:00,57033.08,58580.48,56959.39,58285.74,3254070.0
VHM,2020-06-02T00:00,58285.74,58359.43,57254.13,57327.82,2635920.0
VHM,2020-06-03T00:00,57475.19,57696.25,57033.08,57401.51,2655470.0
VHM,2020-06-04T00:00,57475.19,57991.0,56738.33,57106.76,3127800.0
VHM,2020-06-05T00:00,56812.02,57401.51,56443.59,56959.39,2191420.0
VHM,2020-06-08T00:00,57475.19,57991.0,57106.76,57327.82,2663380.0
VHM,2020-06-09T00:00,57475.19,57991.0,57033.08,57180.45,2837400.0
VHM,2020-06-10T00:00,57180.45,57327.82,56664.64,57106.76,3218980.0
VHM,2020-06-11T00:00,57106.76,57917.31,56369.9,56369.9,5714800.0
VHM,2020-06-12T00:00,54159.32,55706.72,54159.32,55264.61,3152190.0
VHM,2020-06-15T00:00,55706.72,55780.41,51580.3,51580.3,3356780.0
VHM,2020-06-16T00:00,53643.51,55190.92,53127.71,55190.92,3077090.0
VHM,2020-06-17T00:00,56222.53,57180.45,55264.61,56001.47,2173040.0
VHM,2020-06-18T00:00,55706.72,56517.27,55559.35,56369.9,1636400.0
VHM,2020-06-19T00:00,56075.16,56885.7,56075.16,56369.9,1688070.0
VHM,2020-06-22T00:00,57696.25,57769.94,56664.64,57696.25,2797780.0
VHM,2020-06-23T00:00,57991.0,57991.0,56075.16,57254.13,2146280.0
VHM,2020-06-24T00:00,57180.45,57917.31,55633.04,55780.41,2004540.0
VHM,2020-06-25T00:00,55117.24,55927.78,54748.8,55633.04,1241690.0
VHM,2020-06-26T00:00,56001.47,56443.59,55264.61,55706.72,753970.0
VHM,2020-06-29T00:00,55264.61,55264.61,53938.26,54527.75,1068990.0
VHM,2020-06-30T00:00,55264.61,56738.33,54748.8,55633.04,2302620.0
VHM,2020-07-01T00:00,55485.67,56738.33,55485.67,56664.64,936450.0
VHM,2020-07-02T00:00,56738.33,57033.08,56296.21,56664.64,893400.0
VHM,2020-07-03T00:00,56738.33,57327.82,56664.64,57327.82,1382270.0
VHM,2020-07-06T00:00,57696.25,60054.21,57033.08,59538.4,4330280.0
VHM,2020-07-07T00:00,59685.78,60348.95,59317.35,59538.4,1414070.0
VHM,2020-07-08T00:00,59169.97,59685.78,58801.54,59243.66,800360.0
VHM,2020-07-09T00:00,59538.4,60201.58,59169.97,59538.4,1220730.0
VHM,2020-07-10T00:00,59317.35,59464.72,58212.05,58506.8,1706520.0
VHM,2020-07-13T00:00,59022.6,59022.6,58285.74,58285.74,988800.0
VHM,2020-07-14T00:00,58064.68,59685.78,57843.62,59317.35,1461550.0
VHM,2020-07-15T00:00,59759.46,61159.5,59538.4,59759.46,2351560.0
VHM,2020-07-16T00:00,59759.46,60054.21,59169.97,60054.21,922350.0
VHM,2020-07-17T00:00,60054.21,60054.21,59243.66,59317.35,835720.0
VHM,2020-07-20T00:00,59464.72,59759.46,58212.05,58359.43,1361250.0
VHM,2020-07-21T00:00,58433.11,58580.48,57106.76,58064.68,2108040.0
VHM,2020-07-22T00:00,58064.68,58580.48,56738.33,57106.76,1707150.0
VHM,2020-07-23T00:00,57106.76,58064.68,57106.76,58064.68,882880.0
VHM,2020-07-24T00:00,57475.19,58064.68,54896.18,56001.47,2649390.0
VHM,2020-07-27T00:00,53054.02,54896.18,52243.48,52243.48,2662390.0
VHM,2020-07-28T00:00,52464.53,55854.1,52464.53,55854.1,2561800.0
VHM,2020-07-29T00:00,55485.67,55485.67,53496.14,54527.75,1809000.0
VHM,2020-07-30T00:00,54527.75,56885.7,54527.75,56443.59,1637120.0
VHM,2020-07-31T00:00,54969.86,57401.51,54969.86,57254.13,2417730.0
VHM,2020-08-03T00:00,56738.33,58064.68,56590.96,57843.62,1482350.0
VHM,2020-08-04T00:00,58580.48,58580.48,57327.82,58212.05,1382760.0
VHM,2020-08-05T00:00,58212.05,58727.86,57327.82,58654.17,1303680.0
VHM,2020-08-06T00:00,58580.48,58875.23,57917.31,58654.17,1072220.0
VHM,2020-08-07T00:00,58727.86,58948.92,57917.31,58654.17,1199110.0
VHM,2020-08-10T00:00,58801.54,58948.92,58138.37,58654.17,1688770.0
VHM,2020-08-11T00:00,58654.17,58875.23,57917.31,58506.8,905140.0
VHM,2020-08-12T00:00,58654.17,58654.17,57769.94,58506.8,1497320.0
VHM,2020-08-13T00:00,58506.8,58727.86,57991.0,58506.8,2025090.0
VHM,2020-08-14T00:00,58138.37,59612.09,58138.37,58727.86,1189750.0
VHM,2020-08-17T00:00,58212.05,58875.23,57769.94,58727.86,1107050.0
VHM,2020-08-18T00:00,58727.86,58727.86,57917.31,58654.17,1425980.0
VHM,2020-08-19T00:00,58580.48,59612.09,58138.37,58948.92,1155260.0
VHM,2020-08-20T00:00,58948.92,60570.01,58801.54,58948.92,2428430.0
VHM,2020-08-21T00:00,58948.92,59022.6,58580.48,58580.48,1074330.0
VHM,2020-08-24T00:00,58727.86,59391.03,58727.86,58948.92,1475240.0
VHM,2020-08-25T00:00,58948.92,59317.35,58654.17,58654.17,1907340.0
VHM,2020-08-26T00:00,58654.17,59169.97,58433.11,58580.48,2249680.0
VHM,2020-08-27T00:00,58506.8,58580.48,57622.56,57843.62,2357000.0
VHM,2020-08-28T00:00,58212.05,58285.74,57696.25,57917.31,1742840.0
VHM,2020-08-31T00:00,57843.62,58359.43,57622.56,57843.62,1682380.0
VHM,2020-09-01T00:00,57696.25,58138.37,57106.76,57991.0,1565620.0
VHM,2020-09-03T00:00,58285.74,59391.03,57991.0,58654.17,2913590.0
VHM,2020-09-04T00:00,58359.43,59169.97,58064.68,58948.92,2171010.0
VHM,2020-09-07T00:00,59169.97,59833.15,58212.05,58285.74,2013250.0
VHM,2020-09-08T00:00,58359.43,58654.17,57622.56,57843.62,1816120.0
VHM,2020-09-09T00:00,57475.19,57917.31,57106.76,57917.31,1956880.0
VHM,2020-09-10T00:00,58212.05,59391.03,57327.82,57548.88,4229990.0
VHM,2020-09-11T00:00,57548.88,57622.56,57106.76,57254.13,2344930.0
VHM,2020-09-14T00:00,57254.13,57696.25,57106.76,57106.76,1824670.0
VHM,2020-09-15T00:00,57401.51,57401.51,56369.9,56590.96,4717630.0
VHM,2020-09-16T00:00,56443.59,57254.13,56443.59,56885.7,1379550.0
VHM,2020-09-17T00:00,56885.7,57033.08,56443.59,56517.27,1809830.0
VHM,2020-09-18T00:00,56738.33,56885.7,56517.27,56664.64,1791160.0
VHM,2020-09-21T00:00,56812.02,57180.45,56812.02,56812.02,1677550.0
VHM,2020-09-22T00:00,56885.7,56885.7,56369.9,56590.96,1612500.0
VHM,2020-09-23T00:00,56738.33,57401.51,56664.64,57106.76,1398940.0
VHM,2020-09-24T00:00,57106.76,57769.94,56812.02,56812.02,1704250.0
VHM,2020-09-25T00:00,56812.02,57401.51,56738.33,56812.02,919900.0
VHM,2020-09-28T00:00,56959.39,57327.82,56443.59,56443.59,2015680.0
VHM,2020-09-29T00:00,56590.96,56664.64,55338.29,55485.67,3772160.0
VHM,2020-09-30T00:00,55485.67,56296.21,55338.29,55633.04,1677150.0
VHM,2020-10-01T00:00,56222.53,56885.7,56075.16,56812.02,1359510.0
VHM,2020-10-02T00:00,56738.33,57033.08,55264.61,55927.78,1730820.0
VHM,2020-10-05T00:00,56001.47,56664.64,55927.78,56001.47,1080840.0
VHM,2020-10-06T00:00,56001.47,56590.96,56001.47,56075.16,1505510.0
VHM,2020-10-07T00:00,56075.16,57033.08,56075.16,56590.96,2596060.0
VHM,2020-10-08T00:00,56738.33,56885.7,56222.53,56443.59,1043430.0
VHM,2020-10-09T00:00,56443.59,57033.08,56369.9,56738.33,1456580.0
VHM,2020-10-12T00:00,56885.7,58359.43,56738.33,57106.76,4265300.0
VHM,2020-10-13T00:00,57401.51,57917.31,57180.45,57548.88,1233860.0
VHM,2020-10-14T00:00,57769.94,58138.37,57548.88,57843.62,2030870.0
VHM,2020-10-15T00:00,57991.0,58285.74,57106.76,57106.76,2689830.0
VHM,2020-10-16T00:00,57401.51,57401.51,56664.64,56738.33,1811510.0
VHM,2020-10-19T00:00,56590.96,56738.33,56001.47,56075.16,2467450.0
VHM,2020-10-20T00:00,56075.16,56443.59,55854.1,56148.84,2257630.0
VHM,2020-10-21T00:00,56296.21,57254.13,56148.84,56296.21,1862630.0
VHM,2020-10-22T00:00,56369.9,57106.76,56148.84,57106.76,1591870.0
VHM,2020-10-23T00:00,57475.19,58875.23,57327.82,58580.48,5830890.0
VHM,2020-10-26T00:00,59317.35,59759.46,57843.62,57843.62,3668950.0
VHM,2020-10-27T00:00,58212.05,58359.43,57180.45,57180.45,2422480.0
VHM,2020-10-28T00:00,56885.7,57254.13,55706.72,55706.72,3139990.0
VHM,2020-10-29T00:00,55633.04,56517.27,55559.35,56148.84,2088330.0
VHM,2020-10-30T00:00,56738.33,56738.33,55190.92,56001.47,3013800.0
VHM,2020-11-02T00:00,56001.47,56222.53,55559.35,55927.78,1162890.0
VHM,2020-11-03T00:00,56148.84,56148.84,55633.04,55854.1,2067320.0
VHM,2020-11-04T00:00,56001.47,56369.9,55780.41,55927.78,1825770.0
VHM,2020-11-05T00:00,56001.47,56664.64,55780.41,55780.41,1779570.0
VHM,2020-11-06T00:00,55780.41,56001.47,55706.72,55780.41,1695290.0
VHM,2020-11-09T00:00,56001.47,57475.19,56001.47,57475.19,3746870.0
VHM,2020-11-10T00:00,57991.0,58212.05,57033.08,57033.08,3627750.0
VHM,2020-11-11T00:00,57401.51,57548.88,56443.59,56443.59,2717770.0
VHM,2020-11-12T00:00,56443.59,57106.76,56443.59,56885.7,1464300.0
VHM,2020-11-13T00:00,56885.7,57843.62,56885.7,57696.25,2425260.0
VHM,2020-11-16T00:00,57917.31,58359.43,56001.47,56443.59,4096110.0
VHM,2020-11-17T00:00,56738.33,57696.25,56517.27,57696.25,2250180.0
VHM,2020-11-18T00:00,57622.56,57622.56,56959.39,56959.39,2008090.0
VHM,2020-11-19T00:00,57106.76,57622.56,56885.7,57106.76,2451380.0
VHM,2020-11-20T00:00,57475.19,58064.68,57180.45,57843.62,2692820.0
VHM,2020-11-23T00:00,58506.8,59612.09,58433.11,59391.03,5107110.0
VHM,2020-11-24T00:00,59685.78,61748.99,59391.03,61748.99,5458900.0
VHM,2020-11-25T00:00,61896.36,63149.03,61454.24,61527.93,3544000.0
VHM,2020-11-26T00:00,61085.81,61306.87,60496.32,60938.44,2313600.0
VHM,2020-11-27T00:00,60938.44,61527.93,60496.32,61159.5,2024240.0
VHM,2020-11-30T00:00,61527.93,62117.42,60570.01,60864.75,3533370.0
VHM,2020-12-01T00:00,60054.21,61380.56,60054.21,61380.56,2597660.0
VHM,2020-12-02T00:00,61306.87,63222.71,61306.87,62780.59,4703540.0
VHM,2020-12-03T00:00,63075.34,63075.34,62264.79,62559.54,1673260.0
VHM,2020-12-04T00:00,62633.22,62780.59,61970.05,62559.54,2190950.0
VHM,2020-12-07T00:00,62264.79,62706.91,61748.99,62412.16,1479390.0
VHM,2020-12-08T00:00,62559.54,63149.03,62117.42,62191.11,1532530.0
VHM,2020-12-09T00:00,62264.79,62854.28,62043.73,62633.22,2136700.0
VHM,2020-12-10T00:00,62927.97,63149.03,61601.62,61601.62,2406160.0
VHM,2020-12-11T00:00,61601.62,62633.22,61454.24,62633.22,2406180.0
VHM,2020-12-14T00:00,62927.97,64106.95,62633.22,64106.95,2974170.0
VHM,2020-12-15T00:00,63738.51,64917.49,62633.22,63370.08,4050090.0
VHM,2020-12-16T00:00,63370.08,63812.2,63001.65,63517.46,1812470.0
VHM,2020-12-17T00:00,63370.08,63370.08,62264.79,62412.16,4870320.0
VHM,2020-12-18T00:00,62412.16,63370.08,62338.48,62854.28,3038890.0
VHM,2020-12-21T00:00,63075.34,64328.0,63075.34,64180.63,3322250.0
VHM,2020-12-22T00:00,64254.32,64770.12,63664.83,64033.26,2163130.0
VHM,2020-12-23T00:00,64401.69,65580.67,63959.57,64401.69,3220800.0
VHM,2020-12-24T00:00,64843.81,64917.49,62264.79,63591.14,2687430.0
VHM,2020-12-25T00:00,63517.46,64549.06,63075.34,64549.06,1584940.0
VHM,2020-12-28T00:00,65212.24,65285.92,63885.89,64622.75,1905670.0
VHM,2020-12-29T00:00,64622.75,66685.96,64180.63,66538.59,3451160.0
VHM,2020-12-30T00:00,66759.65,67791.25,66317.53,66464.9,2027680.0
VHM,2020-12-31T00:00,67201.76,67349.14,65949.1,65949.1,1272810.0
VHM,2021-01-04T00:00,67054.39,68454.43,66243.84,67791.25,3077500.0
VHM,2021-01-05T00:00,67643.88,70738.7,67422.82,70443.95,2853200.0
VHM,2021-01-06T00:00,71107.13,71180.82,69412.35,69854.46,2838200.0
VHM,2021-01-07T00:00,69854.46,70075.52,68822.86,69854.46,2926400.0
VHM,2021-01-08T00:00,70370.27,71328.19,70222.9,71033.44,2187200.0
VHM,2021-01-11T00:00,72212.42,75970.41,71917.68,75970.41,4512700.0
VHM,2021-01-12T00:00,77223.08,77296.77,75970.41,76191.47,2862600.0
VHM,2021-01-13T00:00,76633.59,76707.28,73391.4,74349.32,2972500.0
VHM,2021-01-14T00:00,74349.32,74570.38,72654.54,73391.4,3274800.0
VHM,2021-01-15T00:00,73759.83,74865.12,73244.03,74865.12,2078100.0
VHM,2021-01-18T00:00,75159.87,75749.36,73391.4,74423.01,2291200.0
VHM,2021-01-19T00:00,73686.14,74201.95,69264.98,71328.19,3552500.0
VHM,2021-01-20T00:00,71475.56,75896.73,69633.41,71843.99,3457300.0
VHM,2021-01-21T00:00,72212.42,73244.03,72065.05,72949.28,3018300.0
VHM,2021-01-22T00:00,73244.03,74423.01,72875.6,73170.34,2262800.0
VHM,2021-01-25T00:00,73317.71,73759.83,72654.54,73317.71,2142000.0
VHM,2021-01-26T00:00,73391.4,73465.09,70001.84,72212.42,2105700.0
VHM,2021-01-27T00:00,70738.7,72359.79,67422.82,69191.29,3312000.0
VHM,2021-01-28T00:00,64475.38,66096.47,64401.69,64401.69,3197600.0
VHM,2021-01-29T00:00,61896.36,68896.54,61896.36,68896.54,5469400.0
VHM,2021-02-01T00:00,68970.23,70001.84,65064.87,65064.87,2634200.0
VHM,2021-02-02T00:00,65580.67,69559.72,64843.81,69559.72,2756900.0
VHM,2021-02-03T00:00,69633.41,72875.6,69633.41,71622.93,3365900.0
VHM,2021-02-04T00:00,71622.93,72875.6,70149.21,72507.17,2498900.0
VHM,2021-02-05T00:00,72949.28,73391.4,72433.48,73170.34,2245800.0
VHM,2021-02-08T00:00,73170.34,73244.03,68159.68,69780.78,4803100.0
VHM,2021-02-09T00:00,70665.01,71696.62,69191.29,71328.19,2668600.0
VHM,2021-02-17T00:00,72212.42,74570.38,71475.56,74423.01,3701700.0
VHM,2021-02-18T00:00,74423.01,76044.1,73686.14,76044.1,4499400.0
VHM,2021-02-19T00:00,75159.87,76191.47,74644.06,75970.41,1911800.0
VHM,2021-02-22T00:00,76486.22,78254.68,76338.85,77959.94,4390500.0
VHM,2021-02-23T00:00,77959.94,78402.06,76633.59,77591.51,2039100.0
VHM,2021-02-24T00:00,78107.31,78107.31,74423.01,75749.36,3720700.0
VHM,2021-02-25T00:00,75896.73,76338.85,74791.44,75749.36,2300900.0
VHM,2021-02-26T00:00,74644.06,75749.36,73980.89,74865.12,2385600.0
VHM,2021-03-01T00:00,75159.87,76191.47,75086.18,75896.73,2302000.0
VHM,2021-03-02T00:00,76633.59,77002.02,74938.81,75749.36,2460000.0
VHM,2021-03-03T00:00,75528.3,75528.3,74644.06,74791.44,2148400.0
VHM,2021-03-04T00:00,75086.18,75159.87,72212.42,73686.14,2714300.0
VHM,2021-03-05T00:00,72507.17,73317.71,72212.42,72507.17,2865300.0
VHM,2021-03-08T00:00,73465.09,73538.77,71328.19,71622.93,3046500.0
VHM,2021-03-09T00:00,71475.56,73170.34,70149.21,72359.79,2196300.0
VHM,2021-03-10T00:00,73317.71,73907.2,72212.42,73612.46,2406700.0
VHM,2021-03-11T00:00,74423.01,74717.75,72875.6,73686.14,1726900.0
VHM,2021-03-12T00:00,73686.14,74570.38,73170.34,73612.46,1733400.0
VHM,2021-03-15T00:00,73612.46,73686.14,72580.85,73538.77,2288400.0
VHM,2021-03-16T00:00,73391.4,73538.77,72286.11,73317.71,1317500.0
VHM,2021-03-17T00:00,72801.91,73465.09,72286.11,73170.34,2007400.0
VHM,2021-03-18T00:00,73317.71,73612.46,72212.42,73465.09,1374800.0
VHM,2021-03-19T00:00,72949.28,73170.34,72065.05,72065.05,2747200.0
VHM,2021-03-22T00:00,72728.22,73317.71,72212.42,73170.34,1576700.0
VHM,2021-03-23T00:00,72654.54,73096.65,72212.42,72728.22,1319900.0
VHM,2021-03-24T00:00,71917.68,72212.42,70738.7,71622.93,2103300.0
VHM,2021-03-25T00:00,71622.93,71991.36,70001.84,71254.5,2404000.0
VHM,2021-03-26T00:00,71107.13,71254.5,69338.66,70517.64,2265800.0
VHM,2021-03-29T00:00,70738.7,71107.13,70075.52,70886.07,1446000.0
VHM,2021-03-30T00:00,70886.07,72138.73,70665.01,70959.76,2901300.0
VHM,2021-03-31T00:00,71107.13,72507.17,71107.13,71696.62,1897500.0
VHM,2021-04-01T00:00,71843.99,73317.71,71549.25,72949.28,2578700.0
VHM,2021-04-02T00:00,73686.14,75012.49,73465.09,74201.95,2203200.0
VHM,2021-04-05T00:00,75896.73,77370.45,74423.01,74938.81,2653200.0
VHM,2021-04-06T00:00,74938.81,75896.73,74644.06,74938.81,2102600.0
VHM,2021-04-07T00:00,74201.95,74717.75,73317.71,74054.57,2485300.0
VHM,2021-04-08T00:00,74054.57,74054.57,73465.09,73465.09,1584900.0
VHM,2021-04-09T00:00,73096.65,73096.65,72212.42,72875.6,2111100.0
VHM,2021-04-12T00:00,73317.71,75159.87,73170.34,75012.49,3269900.0
VHM,2021-04-13T00:00,75823.04,77370.45,75012.49,75528.3,4016800.0
VHM,2021-04-14T00:00,72580.85,74054.57,72138.73,74054.57,8169000.0
VHM,2021-04-15T00:00,75012.49,77002.02,74201.95,74570.38,7972300.0
VHM,2021-04-16T00:00,74570.38,77002.02,72212.42,74423.01,6593100.0
VHM,2021-04-19T00:00,75896.73,77002.02,74644.06,77002.02,9104900.0
VHM,2021-04-20T00:00,79065.23,82381.11,78549.43,80023.15,1.5266E7
VHM,2021-04-22T00:00,80317.9,82823.23,75970.41,75970.41,6647900.0
VHM,2021-04-23T00:00,76338.85,77370.45,75159.87,77370.45,8823200.0
VHM,2021-04-26T00:00,77370.45,77370.45,73391.4,73391.4,8982600.0
VHM,2021-04-27T00:00,73391.4,74496.69,72359.79,73686.14,3979800.0
VHM,2021-04-28T00:00,73686.14,75823.04,73686.14,74349.32,5756900.0
VHM,2021-04-29T00:00,74717.75,74791.44,72949.28,73170.34,5374300.0
VHM,2021-05-04T00:00,72212.42,73317.71,70812.38,73096.65,4388500.0
VHM,2021-05-05T00:00,73096.65,74570.38,73096.65,73391.4,2850600.0
VHM,2021-05-06T00:00,73391.4,74423.01,72728.22,72728.22,2793600.0
VHM,2021-05-07T00:00,72580.85,73317.71,71475.56,71549.25,5114200.0
VHM,2021-05-10T00:00,70812.38,73538.77,70812.38,73022.97,3933700.0
VHM,2021-05-11T00:00,73612.46,73612.46,72212.42,72212.42,3142600.0
VHM,2021-05-12T00:00,71843.99,72433.48,71328.19,71991.36,3510300.0
VHM,2021-05-13T00:00,71622.93,72433.48,71401.87,71475.56,2560600.0
VHM,2021-05-14T00:00,71770.3,72580.85,71401.87,71622.93,2990500.0
VHM,2021-05-17T00:00,73170.34,76265.16,73170.34,74275.63,5913000.0
VHM,2021-05-18T00:00,74865.12,75159.87,72875.6,72875.6,3455700.0
VHM,2021-05-19T00:00,73096.65,74201.95,72580.85,73980.89,2871000.0
VHM,2021-05-20T00:00,73980.89,75159.87,73096.65,75159.87,3923100.0
VHM,2021-05-21T00:00,74791.44,76780.96,74054.57,76559.9,6075800.0
VHM,2021-05-24T00:00,77223.08,78844.17,76633.59,78107.31,5182000.0
VHM,2021-05-25T00:00,77517.82,78033.63,76780.96,77075.71,2865100.0
VHM,2021-05-26T00:00,77075.71,78991.55,76486.22,77886.25,4679100.0
VHM,2021-05-27T00:00,78107.31,79212.6,72728.22,76928.33,4530700.0
VHM,2021-05-28T00:00,77370.45,77738.88,76044.1,77075.71,3237700.0
VHM,2021-05-31T00:00,77002.02,77002.02,74496.69,75601.98,5075900.0
VHM,2021-06-01T00:00,75159.87,77886.25,74644.06,76633.59,3869100.0
VHM,2021-06-02T00:00,76265.16,77738.88,75896.73,76928.33,2664100.0
VHM,2021-06-03T00:00,77075.71,78107.31,77075.71,77665.2,5044900.0
VHM,2021-06-04T00:00,78844.17,79065.23,76486.22,77002.02,3635200.0
VHM,2021-06-07T00:00,77002.02,78696.8,77002.02,78107.31,4249400.0
VHM,2021-06-08T00:00,78623.12,80686.33,77370.45,77591.51,7252600.0
VHM,2021-06-09T00:00,78107.31,78696.8,77002.02,78181.0,3322600.0
VHM,2021-06-10T00:00,78107.31,78844.17,76633.59,76707.28,3369400.0
VHM,2021-06-11T00:00,76633.59,78402.06,76486.22,78107.31,3884300.0
VHM,2021-06-14T00:00,79212.6,81717.93,78917.86,80981.07,7532600.0
VHM,2021-06-15T00:00,82528.48,83339.03,81865.31,82970.6,5394500.0
VHM,2021-06-16T00:00,82528.48,83265.34,80391.58,81054.76,4021200.0
VHM,2021-06-17T00:00,79949.47,81054.76,79654.72,80317.9,3866300.0
VHM,2021-06-18T00:00,81054.76,85475.93,80170.52,82896.91,4789800.0
VHM,2021-06-21T00:00,82454.8,83265.34,81791.62,82528.48,3350800.0
VHM,2021-06-22T00:00,82454.8,82749.54,82160.05,82160.05,2497800.0
VHM,2021-06-23T00:00,82528.48,82528.48,80244.21,82012.68,3874800.0
VHM,2021-06-24T00:00,81717.93,84739.07,81054.76,82602.17,3936900.0
VHM,2021-06-25T00:00,83265.34,83633.77,82233.74,82602.17,2846300.0
VHM,2021-06-28T00:00,83265.34,85107.5,82823.23,85107.5,7156600.0
VHM,2021-06-29T00:00,85475.93,87981.26,85328.55,87391.77,5907600.0
VHM,2021-06-30T00:00,87686.51,88718.12,86433.85,86949.65,5135400.0
VHM,2021-07-01T00:00,86286.47,87318.08,86065.42,86360.16,3700200.0
VHM,2021-07-02T00:00,86360.16,87833.88,85844.36,86949.65,3152400.0
VHM,2021-07-05T00:00,87686.51,87686.51,84886.44,87318.08,4553400.0
VHM,2021-07-06T00:00,87023.34,87760.2,81275.82,81275.82,4255400.0
VHM,2021-07-07T00:00,81791.62,86212.79,80686.33,86212.79,7071300.0
VHM,2021-07-08T00:00,85107.5,85991.73,83854.83,84739.07,4664700.0
VHM,2021-07-09T00:00,83781.15,85402.24,82160.05,82896.91,3902100.0
VHM,2021-07-12T00:00,82528.48,82528.48,77149.39,79581.04,8065200.0
VHM,2021-07-13T00:00,80981.07,80981.07,78107.31,80686.33,2562500.0
VHM,2021-07-14T00:00,80833.7,82675.85,79433.66,80686.33,3325300.0
VHM,2021-07-15T00:00,79949.47,81496.88,79949.47,81275.82,4555800.0
VHM,2021-07-16T00:00,81275.82,81423.19,80096.84,80317.9,2119200.0
VHM,2021-07-19T00:00,78770.49,79359.98,76117.79,76854.65,3189800.0
VHM,2021-07-20T00:00,77812.57,78549.43,75896.73,78549.43,4045600.0
VHM,2021-07-21T00:00,79212.6,80170.52,78549.43,79581.04,3042000.0
VHM,2021-07-22T00:00,79581.04,81791.62,78844.17,81791.62,3402500.0
VHM,2021-07-23T00:00,81054.76,82160.05,79286.29,79286.29,2635200.0
VHM,2021-07-26T00:00,79212.6,81496.88,78991.55,80760.01,2753500.0
VHM,2021-07-27T00:00,81570.56,81644.25,79286.29,79433.66,5342500.0
VHM,2021-07-28T00:00,78917.86,79359.98,77812.57,78475.74,4909500.0
VHM,2021-07-29T00:00,80317.9,80538.96,78475.74,79507.35,3954600.0
VHM,2021-07-30T00:00,79581.04,80170.52,78844.17,79802.09,4731600.0
VHM,2021-08-02T00:00,79581.04,79875.78,78917.86,79654.72,4807700.0
VHM,2021-08-03T00:00,79433.66,82675.85,79433.66,81717.93,9951300.0
VHM,2021-08-04T00:00,82160.05,82528.48,80686.33,81423.19,4121600.0
VHM,2021-08-05T00:00,81349.5,82307.42,80981.07,82307.42,5258200.0
VHM,2021-08-06T00:00,82528.48,84370.63,82381.11,83928.52,1.12265E7
VHM,2021-08-09T00:00,83928.52,86507.53,83633.77,86507.53,6329000.0
VHM,2021-08-10T00:00,87318.08,87760.2,86212.79,86212.79,7700400.0
VHM,2021-08-11T00:00,86212.79,86728.59,85033.81,85475.93,8250600.0
VHM,2021-08-12T00:00,85328.55,86433.85,84886.44,86212.79,5228900.0
VHM,2021-08-13T00:00,86949.65,88939.18,86360.16,88423.37,1.01596E7
VHM,2021-08-16T00:00,89823.41,89823.41,84444.32,85475.93,1.86867E7
VHM,2021-08-17T00:00,84739.07,85107.5,81423.19,81791.62,1.99752E7
VHM,2021-08-18T00:00,81054.76,83633.77,79507.35,81054.76,2.35164E7
VHM,2021-08-19T00:00,81054.76,82086.36,80317.9,81791.62,1.81532E7
VHM,2021-08-20T00:00,81791.62,81791.62,79433.66,79654.72,2.05007E7
VHM,2021-08-23T00:00,79212.6,80317.9,78991.55,78991.55,1.59555E7
VHM,2021-08-24T00:00,79212.6,79654.72,78475.74,79065.23,2.06914E7
VHM,2021-08-25T00:00,79212.6,79507.35,78696.8,78844.17,1.61841E7
VHM,2021-08-26T00:00,78844.17,79138.92,77370.45,78549.43,1.31824E7
VHM,2021-08-27T00:00,78107.31,78770.49,77370.45,78770.49,9953900.0
VHM,2021-08-30T00:00,78917.86,79359.98,78549.43,78770.49,8782700.0
VHM,2021-08-31T00:00,78844.17,78917.86,78254.68,78402.06,1.0567E7
VHM,2021-09-01T00:00,79875.78,80465.27,78549.43,78844.17,2.19772E7
VHM,2021-09-06T00:00,79507.35,80244.21,78696.8,79875.78,1.30775E7
VHM,2021-09-07T00:00,80317.9,81791.62,79949.47,80760.01,1.15989E7
VHM,2021-09-08T00:00,80833.7,81054.76,79359.98,79507.35,9311500.0
VHM,2021-09-09T00:00,79212.6,80244.21,78917.86,79359.98,9925000.0
VHM,2021-09-10T00:00,79581.04,80244.21,79212.6,79212.6,1.51931E7
VHM,2021-09-13T00:00,79581.04,79654.72,78696.8,78844.17,9821600.0
VHM,2021-09-14T00:00,78844.17,79875.78,78623.12,78844.17,1.09662E7
VHM,2021-09-15T00:00,79962.68,81128.6,78408.12,79574.04,9287400.0
VHM,2021-09-16T00:00,79671.2,80157.0,77728.0,77825.16,7925100.0
VHM,2021-09-17T00:00,77825.16,79185.4,77339.36,78893.92,6873600.0
VHM,2021-09-20T00:00,78505.28,78796.76,77630.84,77630.84,5456900.0
VHM,2021-09-21T00:00,76270.6,77533.68,73938.76,75299.0,1.34345E7
VHM,2021-09-22T00:00,75784.8,75979.12,73841.6,75784.8,8759600.0
VHM,2021-09-23T00:00,75881.96,77242.2,75784.8,77047.88,4687300.0
VHM,2021-09-24T00:00,77047.88,78019.48,76464.92,77339.36,4577300.0
VHM,2021-09-27T00:00,77339.36,77339.36,75979.12,75979.12,5151700.0
VHM,2021-09-28T00:00,75299.0,77145.04,75201.84,76270.6,5298500.0
VHM,2021-09-29T00:00,76270.6,76659.24,75493.32,75979.12,2992100.0
VHM,2021-09-30T00:00,76270.6,77145.04,75979.12,76076.28,3151100.0
VHM,2021-10-01T00:00,76076.28,76076.28,74813.2,74813.2,4115400.0
VHM,2021-10-04T00:00,74813.2,75979.12,74035.92,75784.8,4104600.0
VHM,2021-10-05T00:00,75590.48,77339.36,75299.0,77145.04,4573100.0
VHM,2021-10-06T00:00,77436.52,78213.8,77339.36,78213.8,4488000.0
VHM,2021-10-07T00:00,78310.96,78505.28,77436.52,77728.0,2556200.0
VHM,2021-10-08T00:00,77533.68,78505.28,77436.52,77630.84,3466200.0
VHM,2021-10-11T00:00,77630.84,78699.6,77242.2,78699.6,5384000.0
VHM,2021-10-12T00:00,78699.6,79282.56,78116.64,78602.44,8096900.0
VHM,2021-10-13T00:00,78699.6,78699.6,77630.84,77728.0,5259700.0
VHM,2021-10-14T00:00,77728.0,77728.0,76562.08,76659.24,8587800.0
VHM,2021-10-15T00:00,76659.24,77242.2,75881.96,76464.92,5269100.0
VHM,2021-10-18T00:00,76562.08,77242.2,76270.6,76659.24,4542000.0
VHM,2021-10-19T00:00,76659.24,77533.68,76270.6,77145.04,5568400.0
VHM,2021-10-20T00:00,77339.36,77339.36,75979.12,76562.08,5507700.0
VHM,2021-10-21T00:00,76562.08,76659.24,75687.64,75687.64,5861900.0
VHM,2021-10-22T00:00,75979.12,76659.24,75784.8,75784.8,4153100.0
VHM,2021-10-25T00:00,76367.76,77436.52,75979.12,76270.6,6781600.0
VHM,2021-10-26T00:00,76659.24,77047.88,76270.6,76464.92,2940100.0
VHM,2021-10-27T00:00,76659.24,78893.92,76659.24,78699.6,8780700.0
VHM,2021-10-28T00:00,78991.08,79185.4,78213.8,78699.6,5310000.0
VHM,2021-10-29T00:00,78893.92,83071.8,78893.92,83071.8,1.5578E7
VHM,2021-11-01T00:00,83557.6,84432.04,81614.4,81905.88,9723600.0
VHM,2021-11-02T00:00,82003.04,82780.32,81905.88,82586.0,5784000.0
VHM,2021-11-03T00:00,82683.16,83071.8,80254.16,80545.64,1.12305E7
VHM,2021-11-04T00:00,80157.0,81128.6,79476.88,80351.32,8241100.0
VHM,2021-11-05T00:00,79865.52,80448.48,79282.56,79671.2,8244100.0
VHM,2021-11-08T00:00,80157.0,80642.8,79185.4,80059.84,8203200.0
VHM,2021-11-09T00:00,80157.0,82100.2,79671.2,80642.8,8139200.0
VHM,2021-11-10T00:00,81031.44,81128.6,80254.16,80254.16,4154800.0
VHM,2021-11-11T00:00,80351.32,80448.48,79088.24,79185.4,9431300.0
VHM,2021-11-12T00:00,79282.56,79671.2,78505.28,79671.2,5317400.0
VHM,2021-11-15T00:00,80157.0,82003.04,79768.36,81614.4,9673200.0
VHM,2021-11-16T00:00,81614.4,81905.88,80351.32,80642.8,6114200.0
VHM,2021-11-17T00:00,80642.8,81614.4,80448.48,81128.6,5259600.0
VHM,2021-11-18T00:00,81128.6,81517.24,80059.84,80448.48,6316700.0
VHM,2021-11-19T00:00,80545.64,80739.96,77728.0,78213.8,7517600.0
VHM,2021-11-22T00:00,78893.92,79185.4,77436.52,78699.6,6326700.0
VHM,2021-11-23T00:00,78699.6,80157.0,78408.12,80157.0,3583700.0
VHM,2021-11-24T00:00,80351.32,81322.92,79476.88,81322.92,7322400.0
VHM,2021-11-25T00:00,81905.88,82586.0,81128.6,81517.24,8611000.0
VHM,2021-11-26T00:00,81517.24,82488.84,80837.12,80934.28,8576100.0
VHM,2021-11-29T00:00,79282.56,82391.68,79282.56,82391.68,1.12657E7
VHM,2021-11-30T00:00,83071.8,83071.8,80642.8,82197.36,8501600.0
VHM,2021-12-01T00:00,81808.72,82100.2,80448.48,80545.64,6787500.0
VHM,2021-12-02T00:00,80837.12,81031.44,79962.68,79962.68,4813200.0
VHM,2021-12-03T00:00,80254.16,80739.96,77922.32,77922.32,5699400.0
VHM,2021-12-06T00:00,78602.44,78796.76,77145.04,77436.52,6641800.0
VHM,2021-12-07T00:00,78310.96,79476.88,77922.32,79282.56,4522700.0
VHM,2021-12-08T00:00,79379.72,79476.88,78602.44,78699.6,3810100.0
VHM,2021-12-09T00:00,78796.76,79476.88,78310.96,79282.56,2766400.0
VHM,2021-12-10T00:00,78991.08,79282.56,78310.96,78602.44,4327100.0
VHM,2021-12-13T00:00,78699.6,81128.6,78602.44,79768.36,6503000.0
VHM,2021-12-14T00:00,80157.0,80642.8,79574.04,79768.36,3082100.0
VHM,2021-12-15T00:00,79865.52,80545.64,79282.56,80254.16,3589800.0
VHM,2021-12-16T00:00,80448.48,80448.48,79379.72,79962.68,3290500.0
VHM,2021-12-17T00:00,80059.84,83557.6,80059.84,82100.2,2.51858E7
VHM,2021-12-20T00:00,82780.32,82780.32,80934.28,81128.6,4652600.0
VHM,2021-12-21T00:00,81128.6,84334.88,81128.6,83557.6,1.60163E7
VHM,2021-12-22T00:00,84334.88,85015.0,82780.32,83266.12,8928800.0
VHM,2021-12-23T00:00,83460.44,83654.76,80157.0,80157.0,8897300.0
VHM,2021-12-24T00:00,80351.32,80934.28,79865.52,80545.64,6813200.0
VHM,2021-12-27T00:00,80739.96,81128.6,79185.4,80448.48,4999700.0
VHM,2021-12-28T00:00,80642.8,81808.72,80254.16,80448.48,4469100.0
VHM,2021-12-29T00:00,80545.64,81128.6,79379.72,79379.72,5229300.0
VHM,2021-12-30T00:00,80059.84,80059.84,79282.56,79282.56,5845500.0
VHM,2021-12-31T00:00,79671.2,79962.68,79282.56,79671.2,4633900.0
VHM,2022-01-04T00:00,80351.32,82974.64,80157.0,82683.16,1.01901E7
VHM,2022-01-05T00:00,82683.16,83460.44,81614.4,81614.4,7373100.0
VHM,2022-01-06T00:00,81614.4,83557.6,81614.4,82877.48,1.05517E7
VHM,2022-01-07T00:00,83071.8,83946.24,81905.88,82974.64,8240800.0
VHM,2022-01-10T00:00,83071.8,84917.84,82197.36,82974.64,9915000.0
VHM,2022-01-11T00:00,83071.8,83266.12,80642.8,81225.76,6135600.0
VHM,2022-01-12T00:00,80642.8,82003.04,79088.24,81225.76,6533800.0
VHM,2022-01-13T00:00,81614.4,81905.88,79671.2,79865.52,6683500.0
VHM,2022-01-14T00:00,79671.2,80448.48,79282.56,79865.52,3589700.0
VHM,2022-01-17T00:00,79962.68,80157.0,76853.56,76853.56,8310500.0
VHM,2022-01-18T00:00,76950.72,77728.0,73938.76,74813.2,8073900.0
VHM,2022-01-19T00:00,74813.2,76076.28,74813.2,75396.16,3344400.0
VHM,2022-01-20T00:00,75396.16,77339.36,75201.84,76367.76,3627700.0
VHM,2022-01-21T00:00,77145.04,77242.2,75493.32,77145.04,5040100.0
VHM,2022-01-24T00:00,76464.92,76756.4,74035.92,74035.92,5605300.0
VHM,2022-01-25T00:00,74327.4,78699.6,73550.12,78699.6,5762000.0
VHM,2022-01-26T00:00,78699.6,78893.92,77728.0,78893.92,3922600.0
VHM,2022-01-27T00:00,78893.92,79476.88,77436.52,78699.6,4446800.0
VHM,2022-01-28T00:00,78116.64,78893.92,77922.32,78019.48,3900100.0
VHM,2022-02-07T00:00,79282.56,80642.8,78893.92,79865.52,4868100.0
VHM,2022-02-08T00:00,80157.0,80157.0,78699.6,78893.92,3101900.0
VHM,2022-02-09T00:00,78893.92,81614.4,78893.92,79185.4,4706300.0
VHM,2022-02-10T00:00,79476.88,79476.88,77339.36,77825.16,5872800.0
VHM,2022-02-11T00:00,77728.0,78213.8,77242.2,77436.52,3480800.0
VHM,2022-02-14T00:00,76756.4,77242.2,75881.96,75881.96,5093500.0
VHM,2022-02-15T00:00,75881.96,78602.44,75881.96,77728.0,3777500.0
VHM,2022-02-16T00:00,78019.48,78213.8,77436.52,77728.0,2334400.0
VHM,2022-02-17T00:00,77728.0,78505.28,77436.52,78505.28,2803200.0
VHM,2022-02-18T00:00,77728.0,78019.48,77339.36,77436.52,3373300.0
VHM,2022-02-21T00:00,77728.0,78213.8,77436.52,77728.0,3116800.0
VHM,2022-02-22T00:00,77047.88,77242.2,76173.44,77047.88,5146700.0
VHM,2022-02-23T00:00,77533.68,78019.48,77047.88,77145.04,2850000.0
VHM,2022-02-24T00:00,77047.88,77242.2,74910.36,76367.76,5284300.0
VHM,2022-02-25T00:00,76756.4,77047.88,76076.28,76076.28,2693300.0
VHM,2022-02-28T00:00,76076.28,76367.76,75299.0,75299.0,2837300.0
VHM,2022-03-01T00:00,75299.0,75979.12,75299.0,75784.8,2459200.0
VHM,2022-03-02T00:00,75493.32,75784.8,74813.2,75299.0,3397800.0
VHM,2022-03-03T00:00,75687.64,76270.6,75007.52,75784.8,3942400.0
VHM,2022-03-04T00:00,75784.8,76270.6,75007.52,75687.64,4102000.0
VHM,2022-03-07T00:00,75007.52,75007.52,73647.28,74035.92,7634300.0
VHM,2022-03-08T00:00,73744.44,74327.4,72481.36,72481.36,6032800.0
VHM,2022-03-09T00:00,72870.0,72870.0,71704.08,71898.4,7395400.0
VHM,2022-03-10T00:00,72675.68,73744.44,72384.2,73064.32,3775700.0
VHM,2022-03-11T00:00,73064.32,73064.32,71898.4,72870.0,3610200.0
VHM,2022-03-14T00:00,72481.36,72578.52,71315.44,72384.2,3437200.0
VHM,2022-03-15T00:00,72675.68,72675.68,71606.92,72384.2,4163200.0
VHM,2022-03-16T00:00,72189.88,72384.2,71606.92,72092.72,4047200.0
VHM,2022-03-17T00:00,71898.4,73647.28,71801.24,71898.4,2869600.0
VHM,2022-03-18T00:00,72578.52,74133.08,72092.72,72481.36,7410800.0
VHM,2022-03-21T00:00,73161.48,75299.0,73064.32,75299.0,4454000.0
VHM,2022-03-22T00:00,75396.16,76270.6,74618.88,75784.8,4130400.0
VHM,2022-03-23T00:00,75784.8,75881.96,74910.36,75007.52,3617700.0
VHM,2022-03-24T00:00,74813.2,74813.2,73452.96,73550.12,4527700.0
VHM,2022-03-25T00:00,73647.28,74133.08,73355.8,73744.44,2713700.0
VHM,2022-03-28T00:00,73161.48,73550.12,72287.04,72772.84,3712400.0
VHM,2022-03-29T00:00,72772.84,74424.56,72675.68,74327.4,2945900.0
VHM,2022-03-30T00:00,73647.28,74133.08,72578.52,73647.28,4088400.0
VHM,2022-03-31T00:00,73452.96,73841.6,72967.16,73647.28,3394300.0
VHM,2022-04-01T00:00,73355.8,74327.4,72967.16,74035.92,4095000.0
VHM,2022-04-04T00:00,74813.2,74813.2,73938.76,74133.08,3127700.0
VHM,2022-04-05T00:00,74133.08,75299.0,73841.6,74230.24,3785900.0
VHM,2022-04-06T00:00,73841.6,74133.08,72967.16,74133.08,3879900.0
VHM,2022-04-07T00:00,73841.6,73938.76,72578.52,72870.0,4601800.0
VHM,2022-04-08T00:00,72967.16,73841.6,72384.2,72967.16,4471900.0
VHM,2022-04-12T00:00,72772.84,72967.16,70926.8,70926.8,4356200.0
VHM,2022-04-13T00:00,71121.12,71315.44,70149.52,71023.96,3825200.0
VHM,2022-04-14T00:00,71218.28,71412.6,69955.2,70246.68,3679100.0
VHM,2022-04-15T00:00,70246.68,70343.84,68692.12,69080.76,4040800.0
VHM,2022-04-18T00:00,68109.16,68789.28,66165.96,67817.68,5668700.0
VHM,2022-04-19T00:00,67234.72,68497.8,66457.44,66943.24,2732200.0
VHM,2022-04-20T00:00,66554.6,66651.76,63834.12,64902.88,5981000.0
VHM,2022-04-21T00:00,64611.4,65097.2,62182.4,62182.4,6536700.0
VHM,2022-04-22T00:00,62862.52,63931.28,62085.24,62862.52,6187200.0
VHM,2022-04-25T00:00,63154.0,63251.16,58490.32,61210.8,6857400.0
VHM,2022-04-26T00:00,59559.08,63154.0,57518.72,63154.0,6323900.0
VHM,2022-04-27T00:00,62473.88,63154.0,60919.32,63154.0,4773300.0
VHM,2022-04-28T00:00,63056.84,63056.84,60822.16,62668.2,6290400.0
VHM,2022-04-29T00:00,61307.96,63154.0,61210.8,63154.0,6819600.0
VHM,2022-05-04T00:00,63154.0,63348.32,61696.6,62668.2,2511700.0
VHM,2022-05-05T00:00,62765.36,66846.08,62571.04,66846.08,7518400.0
VHM,2022-05-06T00:00,65097.2,66846.08,64805.72,66748.92,5560700.0
VHM,2022-05-09T00:00,65971.64,66554.6,64514.24,66068.8,5658400.0
VHM,2022-05-10T00:00,65000.04,67914.84,63154.0,67914.84,4352700.0
VHM,2022-05-11T00:00,67040.4,69177.92,66651.76,68497.8,3072800.0
VHM,2022-05-12T00:00,67234.72,67914.84,65097.2,66943.24,4117300.0
VHM,2022-05-13T00:00,66943.24,66943.24,62668.2,66068.8,6924300.0
VHM,2022-05-16T00:00,66068.8,66165.96,62668.2,63931.28,5296400.0
VHM,2022-05-17T00:00,63348.32,65000.04,61502.28,65000.04,4830700.0
VHM,2022-05-18T00:00,65000.04,65000.04,63445.48,65000.04,4266300.0
VHM,2022-05-19T00:00,63154.0,65777.32,63154.0,65097.2,3316000.0
VHM,2022-05-20T00:00,65194.36,65485.84,64125.6,64902.88,2305800.0
VHM,2022-05-23T00:00,64805.72,65485.84,63445.48,64805.72,2901300.0
VHM,2022-05-24T00:00,63931.28,65000.04,63834.12,65000.04,2242000.0
VHM,2022-05-25T00:00,64902.88,65971.64,64417.08,65971.64,3077100.0
VHM,2022-05-26T00:00,65971.64,67623.36,65971.64,66748.92,3048600.0
VHM,2022-05-27T00:00,67040.4,67720.52,66554.6,67720.52,2451900.0
VHM,2022-05-30T00:00,68012.0,68497.8,66846.08,68497.8,2593900.0
VHM,2022-05-31T00:00,68700.0,69900.0,68500.0,69600.0,3692900.0
VHM,2022-06-01T00:00,69600.0,70300.0,69000.0,70300.0,3704600.0
VHM,2022-06-02T00:00,70100.0,70100.0,68600.0,69500.0,3115700.0
VHM,2022-06-03T00:00,68600.0,69400.0,68000.0,69400.0,2752600.0
VHM,2022-06-06T00:00,69400.0,69500.0,68200.0,69300.0,3331600.0
VHM,2022-06-07T00:00,69000.0,69000.0,67800.0,68500.0,3568900.0
VHM,2022-06-08T00:00,68500.0,69200.0,68000.0,68500.0,2085300.0
VHM,2022-06-09T00:00,68700.0,68700.0,67500.0,68300.0,3544100.0
VHM,2022-06-10T00:00,67200.0,68300.0,67200.0,68300.0,2452200.0
VHM,2022-06-13T00:00,66500.0,67000.0,65200.0,66000.0,3373800.0
VHM,2022-06-14T00:00,65600.0,66000.0,64700.0,66000.0,3015300.0
VHM,2022-06-15T00:00,66000.0,66300.0,64700.0,65900.0,3508000.0
VHM,2022-06-16T00:00,65900.0,66700.0,65600.0,66000.0,2437800.0
VHM,2022-06-17T00:00,64800.0,66000.0,63800.0,66000.0,3106900.0
VHM,2022-06-20T00:00,65900.0,66000.0,64700.0,65000.0,2701700.0
VHM,2022-06-21T00:00,64700.0,65000.0,63800.0,65000.0,2365100.0
VHM,2022-06-22T00:00,64500.0,65000.0,63500.0,64800.0,3460900.0
VHM,2022-06-23T00:00,63900.0,64200.0,63000.0,63200.0,5534200.0
VHM,2022-06-24T00:00,63300.0,63800.0,63100.0,63200.0,2256500.0
VHM,2022-06-27T00:00,63200.0,64900.0,63200.0,63500.0,2666100.0
VHM,2022-06-28T00:00,63500.0,64100.0,63500.0,63800.0,1455900.0
VHM,2022-06-29T00:00,63600.0,64000.0,63100.0,63300.0,1571700.0
VHM,2022-06-30T00:00,63300.0,63800.0,62100.0,62100.0,2480200.0
VHM,2022-07-01T00:00,62200.0,63500.0,61400.0,61400.0,2974000.0
VHM,2022-07-04T00:00,62000.0,62000.0,61000.0,61000.0,2256200.0
VHM,2022-07-05T00:00,61100.0,61500.0,60400.0,60500.0,3133800.0
VHM,2022-07-06T00:00,60200.0,60500.0,58400.0,59100.0,6722800.0
VHM,2022-07-07T00:00,59000.0,61000.0,58300.0,61000.0,2098800.0
VHM,2022-07-08T00:00,61300.0,61300.0,59500.0,61000.0,1793900.0
VHM,2022-07-11T00:00,59100.0,60500.0,58400.0,60500.0,4883200.0
VHM,2022-07-12T00:00,59500.0,60500.0,59100.0,60200.0,3602700.0
VHM,2022-07-13T00:00,60000.0,60500.0,59000.0,60100.0,2334600.0
VHM,2022-07-14T00:00,60100.0,60300.0,59200.0,60100.0,1906300.0
VHM,2022-07-15T00:00,59500.0,60200.0,59400.0,60000.0,2301900.0
VHM,2022-07-18T00:00,60000.0,60000.0,59000.0,59000.0,2023400.0
VHM,2022-07-19T00:00,58600.0,59100.0,58600.0,58800.0,1864800.0
VHM,2022-07-20T00:00,59000.0,59700.0,58500.0,59700.0,1910000.0
VHM,2022-07-21T00:00,59600.0,59700.0,58900.0,58900.0,2070700.0
VHM,2022-07-22T00:00,58900.0,59000.0,58500.0,58700.0,1530500.0
VHM,2022-07-25T00:00,58500.0,59100.0,58500.0,58900.0,1229500.0
VHM,2022-07-26T00:00,59000.0,59300.0,58500.0,58700.0,737100.0
VHM,2022-07-27T00:00,58500.0,58800.0,58500.0,58600.0,502800.0
VHM,2022-07-28T00:00,59000.0,59100.0,58500.0,58800.0,1914300.0
VHM,2022-07-29T00:00,58900.0,60500.0,58800.0,59900.0,3235500.0
VHM,2022-08-01T00:00,59800.0,60000.0,59000.0,60000.0,1703800.0
VHM,2022-08-02T00:00,59800.0,62800.0,59400.0,62500.0,4320200.0
VHM,2022-08-03T00:00,62000.0,62700.0,61400.0,61900.0,2005800.0
VHM,2022-08-04T00:00,62000.0,63100.0,62000.0,63000.0,5218900.0
VHM,2022-08-05T00:00,62700.0,62700.0,61600.0,61800.0,2290400.0
VHM,2022-08-08T00:00,61500.0,61900.0,61500.0,61500.0,2233600.0
VHM,2022-08-09T00:00,61700.0,61900.0,60900.0,60900.0,2234700.0
VHM,2022-08-10T00:00,61000.0,62300.0,60800.0,61300.0,1594600.0
VHM,2022-08-11T00:00,61900.0,61900.0,61000.0,61400.0,2236700.0
VHM,2022-08-12T00:00,61400.0,61500.0,61100.0,61200.0,1423400.0
VHM,2022-08-15T00:00,61500.0,62300.0,61300.0,61500.0,2189500.0
VHM,2022-08-16T00:00,61500.0,61800.0,61100.0,61300.0,1107300.0
VHM,2022-08-17T00:00,61500.0,61800.0,61300.0,61300.0,2505800.0
VHM,2022-08-18T00:00,61300.0,61800.0,61100.0,61100.0,3350200.0
VHM,2022-08-19T00:00,61000.0,61100.0,59500.0,60100.0,2780700.0
VHM,2022-08-22T00:00,59900.0,60400.0,59100.0,59400.0,2116900.0
VHM,2022-08-23T00:00,59200.0,59700.0,59100.0,59500.0,1353300.0
VHM,2022-08-24T00:00,59600.0,59800.0,59300.0,59700.0,1049900.0
VHM,2022-08-25T00:00,59900.0,61200.0,59800.0,61000.0,2025800.0
VHM,2022-08-26T00:00,61000.0,61400.0,60200.0,60300.0,851200.0
VHM,2022-08-29T00:00,59600.0,59800.0,58900.0,59700.0,2035600.0
VHM,2022-08-30T00:00,59700.0,60400.0,59500.0,59900.0,1770500.0
VHM,2022-08-31T00:00,59900.0,61400.0,59700.0,61000.0,2837300.0
VHM,2022-09-05T00:00,61200.0,61800.0,61000.0,61000.0,1529500.0
VHM,2022-09-06T00:00,61200.0,61500.0,61000.0,61100.0,1285200.0
VHM,2022-09-07T00:00,61000.0,61100.0,59500.0,59500.0,1847100.0
VHM,2022-09-08T00:00,59600.0,59800.0,59300.0,59600.0,1642000.0
VHM,2022-09-09T00:00,59800.0,60200.0,59500.0,59900.0,1443100.0
VHM,2022-09-12T00:00,60100.0,61800.0,60100.0,61400.0,3894313.0
VHM,2022-09-13T00:00,61500.0,61500.0,60700.0,60700.0,2252100.0
VHM,2022-09-14T00:00,59800.0,60300.0,59700.0,60000.0,1784500.0
VHM,2022-09-15T00:00,60000.0,60500.0,59800.0,60500.0,1910900.0
VHM,2022-09-16T00:00,60000.0,61100.0,59600.0,59600.0,2368800.0
VHM,2022-09-19T00:00,59600.0,59800.0,58400.0,58400.0,1944900.0
VHM,2022-09-20T00:00,58600.0,59300.0,58600.0,58900.0,1539400.0
VHM,2022-09-21T00:00,58900.0,58900.0,58000.0,58300.0,1732700.0
VHM,2022-09-22T00:00,57800.0,58000.0,56600.0,57700.0,2370700.0
VHM,2022-09-23T00:00,57500.0,57700.0,57000.0,57200.0,630900.0
VHM,2022-09-26T00:00,56500.0,57000.0,55200.0,55900.0,2734600.0
VHM,2022-09-27T00:00,55900.0,55900.0,54100.0,54100.0,1239500.0
VHM,2022-09-28T00:00,53600.0,54000.0,51000.0,51200.0,2627228.0
VHM,2022-09-29T00:00,52100.0,52500.0,50700.0,50800.0,1969335.0
VHM,2022-09-30T00:00,50000.0,52000.0,48000.0,50700.0,4402203.0
VHM,2022-10-03T00:00,50700.0,50800.0,47200.0,50400.0,4218493.0
VHM,2022-10-04T00:00,50700.0,50700.0,48300.0,50600.0,2983051.0
VHM,2022-10-05T00:00,51000.0,53800.0,50900.0,53800.0,3929858.0
VHM,2022-10-06T00:00,53600.0,54100.0,52700.0,53600.0,2716965.0
VHM,2022-10-07T00:00,53600.0,53800.0,50700.0,53800.0,4056838.0
VHM,2022-10-10T00:00,53000.0,53900.0,51800.0,53900.0,2164908.0
VHM,2022-10-11T00:00,52600.0,52600.0,50800.0,51800.0,4082550.0
VHM,2022-10-12T00:00,51800.0,52900.0,50500.0,52500.0,2060482.0
VHM,2022-10-13T00:00,52500.0,52800.0,51000.0,52800.0,2130221.0
VHM,2022-10-14T00:00,53000.0,53100.0,51300.0,51900.0,1698359.0
VHM,2022-10-17T00:00,51500.0,51500.0,49500.0,49500.0,2935809.0
VHM,2022-10-18T00:00,50000.0,50500.0,48350.0,50500.0,2554624.0
VHM,2022-10-19T00:00,50400.0,50500.0,49050.0,50000.0,1241367.0
VHM,2022-10-20T00:00,49500.0,50000.0,48900.0,50000.0,2748638.0
VHM,2022-10-21T00:00,49950.0,49950.0,46500.0,47950.0,5386579.0
VHM,2022-10-24T00:00,47950.0,47950.0,44600.0,44600.0,1836664.0
VHM,2022-10-25T00:00,44600.0,44700.0,41500.0,44600.0,6295967.0
VHM,2022-10-26T00:00,44600.0,44600.0,41750.0,43500.0,3701482.0
VHM,2022-10-27T00:00,43400.0,44600.0,42900.0,44000.0,4870728.0
VHM,2022-10-28T00:00,44500.0,46300.0,44100.0,44900.0,3078648.0
VHM,2022-10-31T00:00,45500.0,46800.0,44100.0,45000.0,2525558.0
VHM,2022-11-01T00:00,45800.0,46200.0,45000.0,45000.0,2623977.0
VHM,2022-11-02T00:00,45000.0,45500.0,44700.0,44900.0,2263929.0
VHM,2022-11-03T00:00,44550.0,45350.0,44350.0,45000.0,2100624.0
VHM,2022-11-04T00:00,44800.0,44800.0,42500.0,44500.0,4339322.0
VHM,2022-11-07T00:00,44000.0,44000.0,42200.0,43900.0,3021916.0
VHM,2022-11-08T00:00,43100.0,43800.0,41250.0,43800.0,5522882.0
VHM,2022-11-09T00:00,43800.0,45000.0,43800.0,44550.0,4934117.0
VHM,2022-11-10T00:00,44100.0,44100.0,42300.0,43950.0,4021513.0
VHM,2022-11-11T00:00,43950.0,44550.0,43750.0,44150.0,4085772.0
VHM,2022-11-14T00:00,43800.0,44900.0,42350.0,44000.0,2667054.0
VHM,2022-11-15T00:00,42550.0,43850.0,42450.0,43400.0,3095782.0
VHM,2022-11-16T00:00,43000.0,45000.0,41500.0,44900.0,3373810.0
VHM,2022-11-17T00:00,45000.0,47950.0,44950.0,47950.0,4306163.0
VHM,2022-11-18T00:00,47950.0,48800.0,46600.0,48000.0,3643335.0
VHM,2022-11-21T00:00,48000.0,48000.0,45750.0,46950.0,2713823.0
VHM,2022-11-22T00:00,45800.0,48500.0,45300.0,45300.0,1852773.0
VHM,2022-11-23T00:00,45000.0,46000.0,44300.0,44400.0,1111791.0
VHM,2022-11-24T00:00,44350.0,45500.0,44200.0,45000.0,1183210.0
VHM,2022-11-25T00:00,46000.0,47050.0,45800.0,47000.0,3345838.0
VHM,2022-11-28T00:00,47500.0,50200.0,47400.0,50200.0,7817911.0
VHM,2022-11-29T00:00,51600.0,53100.0,50400.0,53100.0,7435937.0
VHM,2022-11-30T00:00,53600.0,54500.0,52000.0,54500.0,6193644.0
VHM,2022-12-01T00:00,55100.0,56200.0,53500.0,53500.0,5871585.0
VHM,2022-12-02T00:00,53500.0,57200.0,53000.0,57200.0,6367474.0
VHM,2022-12-05T00:00,57500.0,58300.0,56800.0,58300.0,4599790.0
VHM,2022-12-06T00:00,58300.0,58300.0,54300.0,55000.0,4263199.0
VHM,2022-12-07T00:00,54200.0,56700.0,54200.0,55500.0,3602625.0
VHM,2022-12-08T00:00,57000.0,57000.0,54500.0,55400.0,4143026.0
VHM,2022-12-09T00:00,55400.0,55600.0,53700.0,54100.0,3330015.0
VHM,2022-12-12T00:00,54200.0,54200.0,50500.0,50500.0,3869361.0
VHM,2022-12-13T00:00,50500.0,53000.0,49950.0,53000.0,4251809.0
VHM,2022-12-14T00:00,53700.0,53700.0,51400.0,53000.0,3219803.0
VHM,2022-12-15T00:00,53000.0,53100.0,50700.0,50700.0,2950218.0
VHM,2022-12-16T00:00,50300.0,51200.0,49300.0,49300.0,3492812.0
VHM,2022-12-19T00:00,49400.0,50200.0,48200.0,48200.0,2141199.0
VHM,2022-12-20T00:00,48200.0,48600.0,46300.0,48200.0,3291761.0
VHM,2022-12-21T00:00,48800.0,48800.0,46600.0,48500.0,1881921.0
VHM,2022-12-22T00:00,48550.0,49650.0,48550.0,49000.0,2171641.0
VHM,2022-12-23T00:00,49400.0,50000.0,48200.0,49800.0,1348672.0
VHM,2022-12-26T00:00,49500.0,49600.0,47000.0,47000.0,2140469.0
VHM,2022-12-27T00:00,46300.0,50200.0,45150.0,47500.0,2873658.0
VHM,2022-12-28T00:00,47700.0,48500.0,46500.0,47700.0,1486338.0
VHM,2022-12-29T00:00,47600.0,48500.0,47400.0,47800.0,1259021.0
VHM,2022-12-30T00:00,49000.0,49000.0,47550.0,48000.0,1198282.0
VHM,2023-01-03T00:00,48000.0,49400.0,47000.0,49400.0,1623481.0
VHM,2023-01-04T00:00,49900.0,49900.0,49000.0,49000.0,1176949.0
VHM,2023-01-05T00:00,49000.0,50000.0,49000.0,49700.0,1952371.0
VHM,2023-01-06T00:00,49750.0,50300.0,49500.0,49900.0,1172495.0
VHM,2023-01-09T00:00,50200.0,50500.0,49700.0,50200.0,1197058.0
VHM,2023-01-10T00:00,50100.0,50400.0,49750.0,49750.0,895178.0
VHM,2023-01-11T00:00,50300.0,50900.0,49800.0,50800.0,1187504.0
VHM,2023-01-12T00:00,51100.0,51700.0,51000.0,51500.0,1239502.0
VHM,2023-01-13T00:00,51700.0,52000.0,51100.0,52000.0,1047651.0
VHM,2023-01-16T00:00,52000.0,52300.0,51300.0,51300.0,1119444.0
VHM,2023-01-17T00:00,51300.0,52000.0,49550.0,52000.0,1455562.0
VHM,2023-01-18T00:00,52000.0,52900.0,50900.0,52500.0,1265675.0
VHM,2023-01-19T00:00,52400.0,53400.0,51500.0,52200.0,2236566.0
VHM,2023-01-27T00:00,52400.0,53900.0,51900.0,53300.0,1283501.0
VHM,2023-01-30T00:00,53300.0,53500.0,51500.0,51500.0,1350577.0
VHM,2023-01-31T00:00,51500.0,51800.0,50400.0,50900.0,1313510.0
VHM,2023-02-01T00:00,50700.0,50900.0,48000.0,48000.0,3650456.0
VHM,2023-02-02T00:00,48500.0,49200.0,47700.0,47900.0,2157146.0
VHM,2023-02-03T00:00,48000.0,48500.0,47500.0,48100.0,1247077.0
VHM,2023-02-06T00:00,47900.0,48000.0,47100.0,47950.0,1693915.0
VHM,2023-02-07T00:00,48000.0,48000.0,46050.0,46800.0,2543605.0
VHM,2023-02-08T00:00,46700.0,46700.0,44450.0,46600.0,4746980.0
VHM,2023-02-09T00:00,45650.0,46700.0,45300.0,45300.0,3121751.0
VHM,2023-02-10T00:00,45000.0,45750.0,45000.0,45400.0,1602986.0
VHM,2023-02-13T00:00,44800.0,45000.0,43400.0,44400.0,2468865.0
VHM,2023-02-14T00:00,44000.0,44200.0,42200.0,42750.0,3876595.0
VHM,2023-02-15T00:00,42700.0,42700.0,41600.0,42500.0,4289204.0
VHM,2023-02-16T00:00,42750.0,42750.0,42000.0,42500.0,2366897.0
VHM,2023-02-17T00:00,42700.0,43600.0,42500.0,43300.0,2065454.0
VHM,2023-02-20T00:00,43500.0,46300.0,43400.0,45200.0,4178775.0
VHM,2023-02-21T00:00,45500.0,46150.0,45100.0,45200.0,1572736.0
VHM,2023-02-22T00:00,44600.0,44800.0,42600.0,42600.0,3713301.0
VHM,2023-02-23T00:00,42600.0,42850.0,40600.0,42000.0,4590701.0
VHM,2023-02-24T00:00,41700.0,42000.0,40900.0,41000.0,3014465.0
VHM,2023-02-27T00:00,40000.0,40900.0,39400.0,40900.0,5327743.0
VHM,2023-02-28T00:00,41000.0,41950.0,40400.0,41500.0,1632907.0
VHM,2023-03-01T00:00,41050.0,41300.0,39800.0,41200.0,3325817.0
VHM,2023-03-02T00:00,41000.0,41500.0,40450.0,41100.0,1948238.0
VHM,2023-03-03T00:00,41000.0,41200.0,40550.0,40950.0,1387815.0
VHM,2023-03-06T00:00,41750.0,43200.0,41500.0,42100.0,2997427.0
VHM,2023-03-07T00:00,42700.0,43000.0,42100.0,42300.0,1671441.0
VHM,2023-03-08T00:00,41300.0,42350.0,41300.0,42350.0,1953366.0
VHM,2023-03-09T00:00,42350.0,43000.0,42250.0,42400.0,1781213.0
VHM,2023-03-10T00:00,42400.0,43000.0,42000.0,42850.0,2537729.0
VHM,2023-03-13T00:00,42800.0,44800.0,42750.0,44750.0,3227482.0
VHM,2023-03-14T00:00,44200.0,45350.0,44100.0,44750.0,2839940.0
VHM,2023-03-15T00:00,45250.0,46600.0,44950.0,46000.0,2071419.0
VHM,2023-03-16T00:00,45800.0,45800.0,44250.0,44500.0,2039641.0
VHM,2023-03-17T00:00,44600.0,45200.0,43350.0,43350.0,4943231.0
VHM,2023-03-20T00:00,44100.0,44100.0,42550.0,42550.0,2168118.0
VHM,2023-03-21T00:00,43000.0,45500.0,43000.0,45400.0,2539644.0
VHM,2023-03-22T00:00,45600.0,48000.0,45600.0,47650.0,4397098.0
VHM,2023-03-23T00:00,47400.0,48000.0,46850.0,48000.0,2272451.0
VHM,2023-03-24T00:00,48000.0,49850.0,48000.0,49000.0,2611824.0
VHM,2023-03-27T00:00,49000.0,49500.0,48400.0,48400.0,1870024.0
VHM,2023-03-28T00:00,48450.0,49500.0,47000.0,48000.0,2551706.0
VHM,2023-03-29T00:00,48050.0,48050.0,47100.0,48000.0,1251914.0
VHM,2023-03-30T00:00,48800.0,49950.0,48100.0,49550.0,1677329.0
VHM,2023-03-31T00:00,49600.0,51500.0,49600.0,51500.0,2720974.0
VHM,2023-04-03T00:00,52200.0,53700.0,52000.0,52600.0,2844182.0
VHM,2023-04-04T00:00,53000.0,53000.0,51000.0,51000.0,1517376.0
VHM,2023-04-05T00:00,51000.0,52300.0,50600.0,52200.0,2190062.0
VHM,2023-04-06T00:00,52000.0,52200.0,51200.0,51200.0,1035460.0
VHM,2023-04-07T00:00,51200.0,51500.0,50300.0,50700.0,780361.0
VHM,2023-04-10T00:00,51400.0,51500.0,49800.0,49800.0,1326919.0
VHM,2023-04-11T00:00,49300.0,51700.0,49300.0,51500.0,2079069.0
VHM,2023-04-12T00:00,51900.0,52100.0,51000.0,51600.0,2032455.0
VHM,2023-04-13T00:00,51600.0,51700.0,50300.0,50500.0,1341067.0
VHM,2023-04-14T00:00,50700.0,51500.0,49700.0,50000.0,1319272.0
VHM,2023-04-17T00:00,50100.0,50900.0,50000.0,50300.0,1028891.0
VHM,2023-04-18T00:00,50900.0,51300.0,50500.0,50800.0,1762327.0
VHM,2023-04-19T00:00,50800.0,51200.0,50000.0,50400.0,973760.0
VHM,2023-04-20T00:00,50500.0,50700.0,49850.0,50700.0,484388.0
VHM,2023-04-21T00:00,50500.0,50700.0,49900.0,50300.0,735067.0
VHM,2023-04-24T00:00,50800.0,52000.0,50200.0,50500.0,1345611.0
VHM,2023-04-25T00:00,51200.0,51200.0,49850.0,50200.0,2139465.0
VHM,2023-04-26T00:00,49900.0,49900.0,48000.0,48000.0,2278292.0
VHM,2023-04-27T00:00,48000.0,48700.0,46850.0,47500.0,2649198.0
VHM,2023-04-28T00:00,47700.0,49500.0,47400.0,49500.0,1145595.0
VHM,2023-05-04T00:00,49500.0,49500.0,48200.0,49500.0,1315091.0
VHM,2023-05-05T00:00,49150.0,49500.0,48600.0,49000.0,793785.0
VHM,2023-05-08T00:00,48850.0,49550.0,48600.0,49400.0,1058198.0
VHM,2023-05-09T00:00,49050.0,49500.0,48750.0,49300.0,1270731.0
VHM,2023-05-10T00:00,49300.0,49400.0,48900.0,49350.0,519466.0
VHM,2023-05-11T00:00,49500.0,49500.0,48950.0,49150.0,524722.0
VHM,2023-05-12T00:00,49100.0,51200.0,48900.0,51200.0,1440468.0
VHM,2023-05-15T00:00,52000.0,52500.0,51500.0,51700.0,1701326.0
VHM,2023-05-16T00:00,51700.0,52200.0,51500.0,52200.0,1496658.0
VHM,2023-05-17T00:00,52200.0,53900.0,52200.0,53400.0,3112207.0
VHM,2023-05-18T00:00,53900.0,55800.0,53500.0,55000.0,3532540.0
VHM,2023-05-19T00:00,55500.0,55500.0,53500.0,54100.0,1845772.0
VHM,2023-05-22T00:00,55000.0,55000.0,53500.0,54100.0,1651073.0
VHM,2023-05-23T00:00,54500.0,54500.0,53000.0,53700.0,1158121.0
VHM,2023-05-24T00:00,53700.0,54500.0,53300.0,54500.0,849451.0
VHM,2023-05-25T00:00,54700.0,55600.0,54000.0,55000.0,1608735.0
VHM,2023-05-26T00:00,55000.0,56400.0,54600.0,55000.0,1792634.0
VHM,2023-05-29T00:00,55000.0,56300.0,55000.0,55500.0,1607032.0
VHM,2023-05-30T00:00,56000.0,56000.0,54600.0,54900.0,1390918.0
VHM,2023-05-31T00:00,55000.0,55000.0,53500.0,53500.0,1538935.0
VHM,2023-06-01T00:00,53500.0,54000.0,53000.0,53000.0,914726.0
VHM,2023-06-02T00:00,53500.0,53900.0,53000.0,53400.0,1357706.0
VHM,2023-06-05T00:00,54000.0,55100.0,53300.0,53700.0,1432068.0
VHM,2023-06-06T00:00,54400.0,55000.0,53900.0,55000.0,1362251.0
VHM,2023-06-07T00:00,55300.0,55700.0,54500.0,55300.0,1858448.0
VHM,2023-06-08T00:00,55300.0,56000.0,55100.0,55400.0,2326546.0
VHM,2023-06-09T00:00,55000.0,55800.0,54800.0,55500.0,1051610.0
VHM,2023-06-12T00:00,55500.0,55500.0,54400.0,55400.0,1151452.0
VHM,2023-06-13T00:00,55200.0,56700.0,55100.0,56700.0,2372546.0
VHM,2023-06-14T00:00,56800.0,58200.0,56700.0,57000.0,2457231.0
VHM,2023-06-15T00:00,57000.0,57900.0,55800.0,56500.0,2453912.0
VHM,2023-06-16T00:00,56400.0,56900.0,55000.0,56000.0,2452897.0
VHM,2023-06-19T00:00,56100.0,56100.0,54800.0,55000.0,1529209.0
VHM,2023-06-20T00:00,55000.0,55700.0,54500.0,55100.0,985087.0
VHM,2023-06-21T00:00,55000.0,55300.0,54300.0,54600.0,2368585.0
VHM,2023-06-22T00:00,55000.0,55700.0,54700.0,55700.0,1916156.0
VHM,2023-06-23T00:00,55200.0,56000.0,55100.0,56000.0,2160849.0
VHM,2023-06-26T00:00,55600.0,55800.0,54800.0,55500.0,1422939.0
VHM,2023-06-27T00:00,55500.0,55900.0,55400.0,55900.0,992807.0
VHM,2023-06-28T00:00,56100.0,56200.0,55000.0,55400.0,1389913.0
VHM,2023-06-29T00:00,55400.0,55400.0,54900.0,55000.0,1248508.0
VHM,2023-06-30T00:00,54800.0,55500.0,54300.0,55000.0,1459026.0
VHM,2023-07-03T00:00,55000.0,55900.0,55000.0,55900.0,1044044.0
VHM,2023-07-04T00:00,55900.0,56800.0,55500.0,56500.0,1451951.0
VHM,2023-07-05T00:00,56500.0,56500.0,55300.0,56100.0,1623867.0
VHM,2023-07-06T00:00,55300.0,55900.0,54500.0,54500.0,1406446.0
VHM,2023-07-07T00:00,54500.0,54900.0,54000.0,54000.0,1221564.0
VHM,2023-07-10T00:00,54100.0,54400.0,53600.0,53800.0,2151264.0
VHM,2023-07-11T00:00,53600.0,53900.0,53600.0,53900.0,2616883.0
VHM,2023-07-12T00:00,53900.0,55300.0,53900.0,55100.0,2186477.0
VHM,2023-07-13T00:00,55400.0,56300.0,55300.0,56300.0,3011297.0
VHM,2023-07-14T00:00,56500.0,56600.0,55800.0,56400.0,2055399.0
VHM,2023-07-17T00:00,56700.0,59000.0,56500.0,59000.0,4271231.0
VHM,2023-07-18T00:00,58500.0,59400.0,58000.0,58800.0,2910287.0
VHM,2023-07-19T00:00,58800.0,59000.0,58200.0,58500.0,2217079.0
VHM,2023-07-20T00:00,58500.0,58500.0,57300.0,57700.0,3589677.0
VHM,2023-07-21T00:00,57500.0,59000.0,57300.0,59000.0,3604709.0
VHM,2023-07-24T00:00,59500.0,59500.0,58100.0,59100.0,2050092.0
VHM,2023-07-25T00:00,58800.0,59200.0,58200.0,58600.0,3621300.0
VHM,2023-07-26T00:00,58300.0,59000.0,58300.0,59000.0,3075978.0
VHM,2023-07-27T00:00,59000.0,59100.0,57500.0,57500.0,2724936.0
VHM,2023-07-28T00:00,57700.0,58900.0,57400.0,58900.0,2868904.0
VHM,2023-07-31T00:00,62200.0,63000.0,61000.0,63000.0,5509846.0
VHM,2023-08-01T00:00,63900.0,66200.0,62800.0,62800.0,6557499.0
VHM,2023-08-02T00:00,62600.0,62900.0,61900.0,61900.0,3440866.0
VHM,2023-08-03T00:00,62000.0,62200.0,60100.0,60100.0,2946152.0
VHM,2023-08-04T00:00,60900.0,63800.0,60600.0,63000.0,4717439.0
VHM,2023-08-07T00:00,63700.0,63700.0,61600.0,62900.0,3397528.0
VHM,2023-08-08T00:00,62900.0,63800.0,62500.0,62800.0,5301852.0
VHM,2023-08-09T00:00,62300.0,62700.0,60600.0,60600.0,5593597.0
VHM,2023-08-10T00:00,60700.0,61600.0,60600.0,60600.0,4744392.0
VHM,2023-08-11T00:00,62300.0,62500.0,59800.0,60900.0,4794595.0
VHM,2023-08-14T00:00,60900.0,61800.0,60800.0,61200.0,6217819.0
VHM,2023-08-15T00:00,61200.0,62500.0,60900.0,61700.0,5688841.0
VHM,2023-08-16T00:00,63000.0,64100.0,62300.0,62900.0,6369300.0
VHM,2023-08-17T00:00,62100.0,62600.0,61000.0,61000.0,5438846.0
VHM,2023-08-18T00:00,60800.0,60800.0,56800.0,56800.0,9565690.0
VHM,2023-08-21T00:00,56800.0,57200.0,55700.0,56000.0,5230959.0
VHM,2023-08-22T00:00,56800.0,56800.0,54500.0,55500.0,4568751.0
VHM,2023-08-23T00:00,56900.0,56900.0,54400.0,54500.0,6685847.0
VHM,2023-08-24T00:00,54900.0,56100.0,54400.0,55400.0,4649385.0
VHM,2023-08-25T00:00,55500.0,55500.0,54000.0,54100.0,5130705.0
VHM,2023-08-28T00:00,54500.0,55300.0,54200.0,54700.0,5224819.0
VHM,2023-08-29T00:00,55000.0,55800.0,54400.0,54600.0,5306966.0
VHM,2023-08-30T00:00,54600.0,55100.0,54100.0,54600.0,5035121.0
VHM,2023-08-31T00:00,54800.0,55900.0,54700.0,54700.0,6422343.0
VHM,2023-09-05T00:00,55200.0,55500.0,54400.0,55300.0,9062554.0
VHM,2023-09-06T00:00,55500.0,57000.0,55400.0,55900.0,9774066.0
VHM,2023-09-07T00:00,56500.0,56600.0,54900.0,55100.0,8728031.0
VHM,2023-09-08T00:00,55000.0,55500.0,54000.0,54000.0,1.0432402E7
VHM,2023-09-11T00:00,54600.0,54900.0,52500.0,52500.0,8479090.0
VHM,2023-09-12T00:00,52800.0,53500.0,52000.0,53500.0,7420299.0
VHM,2023-09-13T00:00,53800.0,53800.0,52100.0,52100.0,1.1955777E7
VHM,2023-09-14T00:00,52100.0,52300.0,49000.0,49000.0,1.1648373E7
VHM,2023-09-15T00:00,49600.0,50500.0,49400.0,50500.0,1.0518377E7
VHM,2023-09-18T00:00,50100.0,50500.0,48700.0,48950.0,5104752.0
VHM,2023-09-19T00:00,50000.0,50700.0,49000.0,49350.0,7529612.0
VHM,2023-09-20T00:00,49700.0,50900.0,49500.0,50700.0,4518502.0
VHM,2023-09-21T00:00,51000.0,51400.0,50000.0,50200.0,5191710.0
VHM,2023-09-22T00:00,49400.0,49450.0,47850.0,48000.0,7969290.0
VHM,2023-09-25T00:00,48000.0,48750.0,46000.0,47000.0,5323349.0
VHM,2023-09-26T00:00,47000.0,47800.0,45000.0,45000.0,4075692.0
VHM,2023-09-27T00:00,45000.0,45800.0,43850.0,45100.0,6505390.0
VHM,2023-09-28T00:00,45100.0,45500.0,44050.0,44500.0,3417765.0
VHM,2023-09-29T00:00,45000.0,47500.0,45000.0,45500.0,7293367.0
VHM,2023-10-02T00:00,45600.0,46200.0,45200.0,45750.0,1821862.0
VHM,2023-10-03T00:00,45000.0,45250.0,44050.0,44050.0,4664564.0
VHM,2023-10-04T00:00,43250.0,45400.0,43250.0,44600.0,3471699.0
VHM,2023-10-05T00:00,44700.0,45250.0,44250.0,44550.0,2703836.0
VHM,2023-10-06T00:00,44850.0,46150.0,44550.0,46050.0,3433897.0
VHM,2023-10-09T00:00,46100.0,47500.0,46050.0,47000.0,3863534.0
VHM,2023-10-10T00:00,47150.0,48000.0,46900.0,48000.0,4836369.0
VHM,2023-10-11T00:00,47700.0,47800.0,46850.0,47400.0,2921253.0
VHM,2023-10-12T00:00,47600.0,48000.0,47350.0,47550.0,2452101.0
VHM,2023-10-13T00:00,47050.0,47200.0,46500.0,46900.0,2578666.0
VHM,2023-10-16T00:00,46900.0,47000.0,45550.0,45550.0,3273425.0
VHM,2023-10-17T00:00,45600.0,45900.0,44500.0,44500.0,2399979.0
VHM,2023-10-18T00:00,44600.0,45800.0,43000.0,43300.0,3859391.0
VHM,2023-10-19T00:00,43450.0,43450.0,42500.0,42500.0,3735375.0
VHM,2023-10-20T00:00,42500.0,44800.0,41700.0,44500.0,3193094.0
VHM,2023-10-23T00:00,44500.0,45300.0,44000.0,44500.0,5687602.0
VHM,2023-10-24T00:00,44900.0,45000.0,44000.0,44600.0,3183595.0
VHM,2023-10-25T00:00,45400.0,45950.0,44750.0,44900.0,3922188.0
VHM,2023-10-26T00:00,41800.0,41800.0,41800.0,41800.0,6095334.0
VHM,2023-10-27T00:00,40000.0,41500.0,38900.0,39200.0,1.8181723E7
VHM,2023-10-30T00:00,39000.0,40000.0,37750.0,39200.0,6761955.0
VHM,2023-10-31T00:00,39200.0,39700.0,38000.0,39000.0,7715327.0
VHM,2023-11-01T00:00,38900.0,39000.0,36750.0,38450.0,9755394.0
VHM,2023-11-02T00:00,38450.0,40000.0,37700.0,39950.0,9142426.0
VHM,2023-11-03T00:00,40450.0,40550.0,39950.0,40500.0,8272050.0
VHM,2023-11-06T00:00,40650.0,41400.0,40600.0,41000.0,6340678.0
VHM,2023-11-07T00:00,40900.0,40950.0,40000.0,40000.0,4442757.0
VHM,2023-11-08T00:00,39950.0,41500.0,39200.0,41000.0,7706839.0
VHM,2023-11-09T00:00,41600.0,43050.0,41450.0,42900.0,1.5464209E7
VHM,2023-11-10T00:00,42500.0,43200.0,42300.0,42300.0,6523529.0
VHM,2023-11-13T00:00,42600.0,42600.0,41300.0,41350.0,7228578.0
VHM,2023-11-14T00:00,41850.0,41900.0,40750.0,41000.0,7501090.0
VHM,2023-11-15T00:00,41800.0,42600.0,41350.0,41450.0,8589063.0
VHM,2023-11-16T00:00,41400.0,41650.0,40800.0,41150.0,5397728.0
VHM,2023-11-17T00:00,41300.0,41750.0,38500.0,38950.0,1.6324251E7
VHM,2023-11-20T00:00,38500.0,39500.0,38300.0,38950.0,4901359.0
VHM,2023-11-21T00:00,39750.0,39750.0,38900.0,39100.0,4792655.0
VHM,2023-11-22T00:00,39400.0,39600.0,38850.0,39000.0,4809620.0
VHM,2023-11-23T00:00,39350.0,39950.0,39000.0,39000.0,7663115.0
VHM,2023-11-24T00:00,39000.0,39200.0,38050.0,39100.0,7389904.0
VHM,2023-11-27T00:00,39100.0,40000.0,39100.0,39800.0,5712838.0
VHM,2023-11-28T00:00,39800.0,40750.0,39650.0,40750.0,7388061.0
VHM,2023-11-29T00:00,41050.0,41300.0,40750.0,41200.0,4211815.0
VHM,2023-11-30T00:00,41200.0,41350.0,40600.0,41300.0,7744515.0
VHM,2023-12-01T00:00,41300.0,41400.0,40400.0,40900.0,6973448.0
VHM,2023-12-04T00:00,40950.0,41500.0,40850.0,41300.0,8140658.0
VHM,2023-12-05T00:00,41500.0,41500.0,40500.0,40500.0,8303176.0
VHM,2023-12-06T00:00,40500.0,40550.0,39650.0,40450.0,1.0852422E7
VHM,2023-12-07T00:00,40450.0,40550.0,39400.0,39700.0,1.1346794E7
VHM,2023-12-08T00:00,39700.0,40100.0,39450.0,39650.0,9896138.0
VHM,2023-12-11T00:00,40150.0,41300.0,40100.0,41000.0,8702563.0
VHM,2023-12-12T00:00,41000.0,41300.0,40750.0,41050.0,6171848.0
VHM,2023-12-13T00:00,41200.0,41650.0,40650.0,40750.0,9943249.0
VHM,2023-12-14T00:00,41100.0,41250.0,40250.0,40300.0,4706774.0
VHM,2023-12-15T00:00,40450.0,40550.0,39850.0,39900.0,6801507.0
VHM,2023-12-18T00:00,40200.0,40200.0,39850.0,39900.0,3564888.0
VHM,2023-12-19T00:00,39900.0,39950.0,39300.0,39500.0,5229860.0
VHM,2023-12-20T00:00,39850.0,39950.0,39500.0,39950.0,2358415.0
VHM,2023-12-21T00:00,39700.0,40450.0,39650.0,40200.0,3558160.0
VHM,2023-12-22T00:00,40200.0,40400.0,40000.0,40300.0,3290547.0
VHM,2023-12-25T00:00,40300.0,41250.0,40300.0,41200.0,5960459.0
VHM,2023-12-26T00:00,41500.0,42200.0,41300.0,41900.0,1.0397855E7
VHM,2023-12-27T00:00,42000.0,42150.0,41850.0,41900.0,6037479.0
VHM,2023-12-28T00:00,42100.0,43800.0,42050.0,43700.0,1.3136725E7
VHM,2023-12-29T00:00,44050.0,44100.0,43200.0,43200.0,5327943.0
VHM,2024-01-02T00:00,43300.0,43750.0,42550.0,43000.0,7591730.0
VHM,2024-01-03T00:00,42600.0,43400.0,42550.0,43400.0,6114634.0
VHM,2024-01-04T00:00,43550.0,43700.0,43250.0,43450.0,8780655.0
VHM,2024-01-05T00:00,43450.0,43550.0,43050.0,43100.0,4510634.0
VHM,2024-01-08T00:00,43200.0,43850.0,42900.0,43350.0,6216748.0
VHM,2024-01-09T00:00,43150.0,43300.0,42650.0,43000.0,6379398.0
VHM,2024-01-10T00:00,43000.0,43000.0,42100.0,42700.0,6792763.0
VHM,2024-01-11T00:00,42500.0,43050.0,42000.0,42000.0,6971310.0
VHM,2024-01-12T00:00,41800.0,41900.0,40900.0,41300.0,8330552.0
VHM,2024-01-15T00:00,41800.0,41850.0,41400.0,41600.0,3151249.0
VHM,2024-01-16T00:00,41600.0,42650.0,41450.0,42650.0,3776742.0
VHM,2024-01-17T00:00,42650.0,42850.0,41900.0,41900.0,6345684.0
VHM,2024-01-18T00:00,42250.0,43500.0,42050.0,43200.0,8941804.0
VHM,2024-01-19T00:00,43350.0,43600.0,43000.0,43050.0,5533944.0
VHM,2024-01-22T00:00,43350.0,43450.0,42800.0,43000.0,4711104.0
VHM,2024-01-23T00:00,43050.0,43200.0,42300.0,42350.0,5258263.0
VHM,2024-01-24T00:00,42350.0,42950.0,42300.0,42500.0,2743314.0
VHM,2024-01-25T00:00,42500.0,42500.0,42050.0,42100.0,2297052.0
VHM,2024-01-26T00:00,42200.0,42500.0,42000.0,42000.0,4353577.0
VHM,2024-01-29T00:00,42300.0,42300.0,41800.0,41800.0,3168351.0
VHM,2024-01-30T00:00,41800.0,42300.0,41700.0,42000.0,2910566.0
VHM,2024-01-31T00:00,42050.0,42250.0,41500.0,41500.0,6310175.0
VHM,2024-02-01T00:00,41350.0,41500.0,41100.0,41200.0,7109228.0
VHM,2024-02-02T00:00,41500.0,42100.0,41150.0,41200.0,5777556.0
VHM,2024-02-05T00:00,41400.0,41600.0,41100.0,41250.0,3363623.0
VHM,2024-02-06T00:00,41400.0,41450.0,41000.0,41000.0,5537080.0
VHM,2024-02-07T00:00,41050.0,41850.0,41000.0,41800.0,3770219.0
VHM,2024-02-15T00:00,42150.0,42200.0,41800.0,41950.0,4319070.0
VHM,2024-02-16T00:00,42150.0,42800.0,41950.0,42700.0,6027229.0
VHM,2024-02-19T00:00,43000.0,45650.0,42900.0,45550.0,2.0165747E7
VHM,2024-02-20T00:00,46000.0,46700.0,45850.0,46150.0,1.2933357E7
VHM,2024-02-21T00:00,46100.0,46100.0,44800.0,45000.0,8951937.0
VHM,2024-02-22T00:00,45100.0,45450.0,44800.0,44800.0,6812686.0
VHM,2024-02-23T00:00,45000.0,45100.0,43250.0,43300.0,1.1758953E7
VHM,2024-02-26T00:00,43450.0,43850.0,43100.0,43350.0,7003949.0
VHM,2024-02-27T00:00,43750.0,44200.0,43300.0,44200.0,7161102.0
VHM,2024-02-28T00:00,44450.0,44900.0,44000.0,44400.0,6285833.0
VHM,2024-02-29T00:00,44550.0,44700.0,43400.0,43400.0,1.1045628E7
VHM,2024-03-01T00:00,43700.0,44200.0,43300.0,43950.0,6876405.0
VHM,2024-03-04T00:00,44050.0,44600.0,43800.0,43950.0,7039659.0
VHM,2024-03-05T00:00,43950.0,44250.0,43300.0,43650.0,7694338.0
VHM,2024-03-06T00:00,43650.0,44550.0,43050.0,43100.0,1.132608E7
VHM,2024-03-07T00:00,43300.0,43300.0,42850.0,43200.0,7319072.0
VHM,2024-03-08T00:00,43500.0,43600.0,42550.0,42550.0,9529599.0
VHM,2024-03-11T00:00,42600.0,43000.0,42500.0,42550.0,6058761.0
VHM,2024-03-12T00:00,42550.0,42900.0,42350.0,42700.0,4758561.0
VHM,2024-03-13T00:00,42800.0,43000.0,42500.0,42950.0,7335627.0
VHM,2024-03-14T00:00,43400.0,43800.0,42800.0,42900.0,1.2610933E7
VHM,2024-03-15T00:00,42900.0,43150.0,42400.0,42400.0,9887754.0
VHM,2024-03-18T00:00,42650.0,43150.0,41300.0,42100.0,1.4791576E7
VHM,2024-03-19T00:00,42350.0,43050.0,41850.0,42900.0,9466892.0
VHM,2024-03-20T00:00,43000.0,43000.0,42200.0,42500.0,5440051.0
VHM,2024-03-21T00:00,42850.0,43050.0,42550.0,42900.0,1.0981568E7
VHM,2024-03-22T00:00,43200.0,43500.0,42600.0,42800.0,1.0001805E7
VHM,2024-03-25T00:00,43000.0,43350.0,42400.0,42550.0,1.0313493E7
VHM,2024-03-26T00:00,42700.0,42900.0,42450.0,42750.0,4265404.0
VHM,2024-03-27T00:00,42900.0,42900.0,42500.0,42500.0,7553922.0
VHM,2024-03-28T00:00,42800.0,44050.0,42600.0,43300.0,1.8569535E7
VHM,2024-03-29T00:00,43400.0,43700.0,42850.0,42850.0,7689710.0
VHM,2024-04-01T00:00,42900.0,43150.0,42650.0,42900.0,7521190.0
VHM,2024-04-02T00:00,42700.0,43150.0,42200.0,43150.0,1.3761932E7
VHM,2024-04-03T00:00,43150.0,43750.0,42900.0,43100.0,1.1841562E7
VHM,2024-04-04T00:00,42800.0,43200.0,42750.0,43000.0,9669113.0
VHM,2024-04-05T00:00,42700.0,43100.0,42400.0,42950.0,1.3466948E7
VHM,2024-04-08T00:00,43050.0,43100.0,42400.0,43000.0,1.67403E7
VHM,2024-04-09T00:00,43100.0,43200.0,42900.0,43200.0,1.0946287E7
VHM,2024-04-10T00:00,43550.0,44650.0,43450.0,44200.0,2.4328093E7
VHM,2024-04-11T00:00,44250.0,44250.0,43750.0,44150.0,1.4568487E7
VHM,2024-04-12T00:00,44500.0,44800.0,44300.0,44500.0,1.6826097E7
VHM,2024-04-15T00:00,44500.0,44500.0,42200.0,42400.0,2.0421318E7
VHM,2024-04-16T00:00,42400.0,42800.0,40750.0,42700.0,1.6853483E7
VHM,2024-04-17T00:00,43000.0,43050.0,41550.0,41800.0,1.0864569E7
VHM,2024-04-19T00:00,40950.0,41500.0,40300.0,41500.0,1.2530053E7
VHM,2024-04-22T00:00,41500.0,41800.0,40650.0,41450.0,9176368.0
VHM,2024-04-23T00:00,41000.0,41400.0,40200.0,40200.0,8625501.0
VHM,2024-04-24T00:00,40350.0,40900.0,40250.0,40600.0,5043450.0
VHM,2024-04-25T00:00,40850.0,40850.0,40400.0,40700.0,2990723.0
VHM,2024-04-26T00:00,40400.0,41050.0,40300.0,40800.0,4706725.0
VHM,2024-05-02T00:00,40800.0,41250.0,40350.0,41150.0,4572111.0
VHM,2024-05-03T00:00,41300.0,41400.0,40850.0,41100.0,4394307.0
VHM,2024-05-06T00:00,41150.0,41200.0,40850.0,41150.0,4947191.0
VHM,2024-05-07T00:00,41250.0,41250.0,40900.0,41050.0,4278931.0
VHM,2024-05-08T00:00,41000.0,41000.0,40500.0,40900.0,6627436.0
VHM,2024-05-09T00:00,41000.0,41750.0,40850.0,40950.0,7302057.0
VHM,2024-05-10T00:00,41000.0,41100.0,40350.0,40350.0,7279272.0
VHM,2024-05-13T00:00,40450.0,40550.0,39700.0,40100.0,9099062.0
VHM,2024-05-14T00:00,41100.0,41250.0,40150.0,40150.0,6868337.0
VHM,2024-05-15T00:00,40200.0,40400.0,40050.0,40250.0,6596952.0
VHM,2024-05-16T00:00,40300.0,40400.0,40150.0,40250.0,8263436.0
VHM,2024-05-17T00:00,40350.0,41200.0,40200.0,40850.0,1.3311095E7
VHM,2024-05-20T00:00,41050.0,41250.0,40450.0,40450.0,9540756.0
VHM,2024-05-21T00:00,40500.0,40750.0,40050.0,40200.0,9643856.0
VHM,2024-05-22T00:00,40200.0,41650.0,40200.0,40350.0,1.1930773E7
VHM,2024-05-23T00:00,40450.0,40550.0,40100.0,40550.0,6389474.0
VHM,2024-05-24T00:00,40400.0,40550.0,39750.0,39800.0,1.2916069E7
VHM,2024-05-27T00:00,39850.0,40050.0,39750.0,39800.0,4623039.0
VHM,2024-05-28T00:00,39850.0,40050.0,39750.0,39950.0,5557706.0
VHM,2024-05-29T00:00,40000.0,40100.0,39450.0,39450.0,8034994.0
VHM,2024-05-30T00:00,39450.0,39500.0,39000.0,39000.0,6427623.0
VHM,2024-05-31T00:00,39200.0,39650.0,38850.0,38850.0,5855530.0
VHM,2024-06-03T00:00,39200.0,39400.0,39100.0,39300.0,5244069.0
VHM,2024-06-04T00:00,39400.0,40200.0,39400.0,39400.0,7959547.0
